frame,class,score,boxes
0,"[0, 0, 0, 0, 0, 0, 0]","[0.2706630825996399, 0.4503447413444519, 0.5301494002342224, 0.7587384581565857, 0.8396385312080383, 0.91260826587677, 0.9272571802139282]","[[0.13283157348632812, 540.5599594116211, 134.02348709106445, 622.6227493286133], [194.73779296875, 196.39960098266602, 279.06829833984375, 419.1076469421387], [732.8881988525391, 31.96003532409668, 843.2200927734375, 130.30765342712402], [0.026933670043945312, 208.25178909301758, 98.15389251708984, 712.0825653076172], [541.6440124511719, 98.94208145141602, 650.7838439941406, 529.1214408874512], [361.9185791015625, -0.5615558624267578, 516.3028564453125, 398.5946273803711], [58.054080963134766, 273.273136138916, 218.2357177734375, 719.4355773925781]]"
1,"[0, 0, 0, 0, 0, 0, 0, 0]","[0.25499510765075684, 0.3015022873878479, 0.3618650734424591, 0.38864392042160034, 0.4958213269710541, 0.8702730536460876, 0.9251618385314941, 0.9357578158378601]","[[-0.23961353302001953, 285.34302520751953, 91.71997833251953, 411.37488555908203], [564.0410614013672, 1.1811418533325195, 641.2308197021484, 194.24466705322266], [686.5311584472656, 40.141347885131836, 832.3598327636719, 467.43482208251953], [0.27573251724243164, 220.83226776123047, 29.915468215942383, 319.91439056396484], [695.8585510253906, 43.82055330276489, 814.0350036621094, 130.9497013092041], [57.11622619628906, 287.4264965057373, 195.0168914794922, 717.4301605224609], [455.7296447753906, 108.81271362304688, 652.2665405273438, 540.815185546875], [375.1555709838867, 0.1369342803955078, 516.1638793945312, 408.4511489868164]]"
2,"[0, 0, 0, 0]","[0.5426795482635498, 0.8352118730545044, 0.9108607172966003, 0.9114895462989807]","[[393.966064453125, 0.22079086303710938, 544.455322265625, 281.6755142211914], [7.107124328613281, 285.3124523162842, 135.50088500976562, 718.1165313720703], [72.83038330078125, 288.34400939941406, 281.4240417480469, 719.2409133911133], [433.2127990722656, 106.27415084838867, 632.9002075195312, 556.4131278991699]]"
3,"[0, 0, 0, 0, 0, 0]","[0.40834081172943115, 0.4200145900249481, 0.8141248226165771, 0.8603224754333496, 0.9059574007987976, 0.9412862658500671]","[[179.01221466064453, 21.840262413024902, 276.1453628540039, 124.40709400177002], [411.56190490722656, -0.20189952850341797, 564.3417205810547, 200.65985870361328], [534.0591430664062, 0.5051651000976562, 641.5160522460938, 293.08059310913086], [374.4052276611328, 107.22575569152832, 571.4910736083984, 559.6883239746094], [219.12625122070312, 266.8473358154297, 422.7143096923828, 719.3920440673828], [0.03878974914550781, 291.94972229003906, 150.0567855834961, 718.9593200683594]]"
4,"[0, 0, 0, 0, 0, 0, 0, 0, 0]","[0.2844221591949463, 0.31699055433273315, 0.3479573428630829, 0.5313688516616821, 0.5571379065513611, 0.6674002408981323, 0.6749655604362488, 0.7653284072875977, 0.9329790472984314]","[[124.62108993530273, 0.6671876907348633, 174.20300674438477, 123.71144485473633], [141.03722763061523, 10.491754531860352, 289.88868713378906, 421.14392852783203], [161.9128074645996, -0.45012617111206055, 214.67113494873047, 121.9962387084961], [321.7387161254883, 128.2238473892212, 520.6272583007812, 392.3890686035156], [179.1016845703125, 21.621179580688477, 277.1225280761719, 124.84909629821777], [552.2237091064453, -2.2882461547851562, 638.3355560302734, 300.3379554748535], [410.8187713623047, 0.8759965896606445, 582.1782989501953, 266.9355354309082], [362.50804138183594, 271.13945388793945, 624.7034454345703, 719.8871154785156], [0.13648223876953125, 303.1756896972656, 119.42710876464844, 719.7572708129883]]"
5,"[0, 0, 0, 0, 0, 0, 0, 0, 0]","[0.2853327989578247, 0.32505518198013306, 0.3491533100605011, 0.5309957265853882, 0.5568000078201294, 0.6653642058372498, 0.6754510402679443, 0.7709548473358154, 0.933012068271637]","[[124.62043762207031, 0.668766975402832, 174.20171356201172, 123.71021747589111], [141.21651077270508, 10.721334457397461, 289.82469177246094, 421.11193084716797], [161.9153594970703, -0.4501476287841797, 214.6615219116211, 121.9969253540039], [321.7321014404297, 128.23533153533936, 520.6361846923828, 392.3803825378418], [179.10477447509766, 21.62162160873413, 277.0967330932617, 124.84959411621094], [552.2406463623047, -2.315591812133789, 638.2740325927734, 300.3072280883789], [410.90171813964844, 0.8750267028808594, 582.1773834228516, 266.9296989440918], [362.48975372314453, 271.12295722961426, 624.5856628417969, 719.8798370361328], [0.13568115234375, 303.18111419677734, 119.41522979736328, 719.7591934204102]]"
6,"[0, 0, 0, 0, 0, 0, 0, 0, 0]","[0.28592121601104736, 0.31365683674812317, 0.31526270508766174, 0.4903069734573364, 0.5616616606712341, 0.6347509026527405, 0.8400755524635315, 0.898443341255188, 0.9061609506607056]","[[157.9397850036621, -0.14540576934814453, 210.3343505859375, 121.39111518859863], [167.99496459960938, 13.602035522460938, 286.2221374511719, 421.40536880493164], [539.9704742431641, 0.4746694564819336, 618.1572418212891, 185.4393310546875], [181.2469711303711, 24.608448028564453, 261.7936477661133, 125.6136245727539], [546.9266510009766, 99.68010520935059, 650.8340606689453, 513.9032135009766], [416.4762725830078, 0.3660764694213867, 562.9752960205078, 252.81927108764648], [304.24280548095703, 122.75625228881836, 470.2306823730469, 592.6521148681641], [478.5537872314453, 246.12907791137695, 655.6271209716797, 719.2427673339844], [0.4139270782470703, 231.10357475280762, 124.5776596069336, 718.1047210693359]]"
7,"[0, 0, 0, 0, 0, 0, 0, 0]","[0.3711751699447632, 0.487689346075058, 0.5398502945899963, 0.8410927057266235, 0.8662675023078918, 0.8913589715957642, 0.9206274151802063, 0.938654363155365]","[[181.2393035888672, 24.15901279449463, 257.5300598144531, 124.5847635269165], [552.2720947265625, 0.9040460586547852, 614.1428833007812, 173.2338638305664], [0.30187225341796875, 413.13887786865234, 43.52772331237793, 718.0775299072266], [520.4716644287109, 73.28045654296875, 646.0750579833984, 528.9630661010742], [413.7761993408203, 1.4084815979003906, 560.1658172607422, 437.63725662231445], [260.66038513183594, 124.70136451721191, 443.91778564453125, 600.1321563720703], [53.99169731140137, 213.99516677856445, 242.17662048339844, 719.7216339111328], [583.4331665039062, 244.68145751953125, 796.8101806640625, 719.2389221191406]]"
8,"[0, 0, 0, 0, 0, 0, 0, 0]","[0.3529016375541687, 0.38324764370918274, 0.5785036683082581, 0.7745363116264343, 0.8686168193817139, 0.9045891165733337, 0.9084210395812988, 0.9166063666343689]","[[181.85434341430664, 23.821904182434082, 273.62574005126953, 125.19107151031494], [0.3020625114440918, 447.52938079833984, 26.01284408569336, 574.6851425170898], [202.89788818359375, 648.1196823120117, 353.90972900390625, 719.9737014770508], [277.61073303222656, 101.64574813842773, 433.1283874511719, 575.843204498291], [415.3330078125, 13.872642517089844, 557.3410034179688, 450.1746826171875], [480.9780578613281, 81.23369979858398, 643.6011657714844, 544.7278633117676], [156.55968475341797, 199.94097518920898, 382.7925796508789, 720.1586151123047], [735.8780364990234, 234.05137825012207, 889.3751220703125, 718.6865158081055]]"
9,"[0, 0, 0, 0, 0, 0, 0, 0]","[0.30336466431617737, 0.47395455837249756, 0.7395462393760681, 0.7523033618927002, 0.8576540946960449, 0.911084771156311, 0.9265357851982117, 0.9331239461898804]","[[182.0771598815918, 24.689875602722168, 250.31455993652344, 125.02267169952393], [418.9292449951172, 45.802242279052734, 530.7503814697266, 442.6376495361328], [294.5632095336914, 635.3542556762695, 448.2333984375, 719.8067092895508], [231.39715576171875, 107.36278438568115, 349.6405792236328, 301.2297706604004], [460.059814453125, 67.02163124084473, 631.5529174804688, 545.5252990722656], [150.448974609375, 138.07812881469727, 307.3469696044922, 616.6382904052734], [843.5388793945312, 216.24811935424805, 959.641845703125, 718.9185333251953], [260.1488342285156, 196.89887809753418, 487.8840637207031, 719.9561920166016]]"
10,"[0, 0, 0, 0, 0, 0, 0, 0]","[0.3138745129108429, 0.4052090048789978, 0.6186786890029907, 0.7590521574020386, 0.8861245512962341, 0.9012195467948914, 0.9131438732147217, 0.9155837297439575]","[[173.34878540039062, 23.53062915802002, 249.13888549804688, 125.01566791534424], [350.79590606689453, 0.19623470306396484, 445.3374481201172, 166.30677795410156], [428.0021667480469, 11.945151329040527, 561.8673706054688, 189.898681640625], [410.6166229248047, 600.5998306274414, 546.3395233154297, 719.7637252807617], [182.1515121459961, 114.24696350097656, 329.25574493408203, 592.4766082763672], [486.31187438964844, 94.85787963867188, 630.2777252197266, 578.9851226806641], [368.650634765625, 174.89667892456055, 562.1810302734375, 644.5592193603516], [51.55580520629883, 146.15680503845215, 275.0625915527344, 644.4552612304688]]"
11,"[0, 0, 0, 0, 0, 0, 0, 0]","[0.31556764245033264, 0.3928048610687256, 0.6186375021934509, 0.7616347074508667, 0.8861601948738098, 0.9014627933502197, 0.9134655594825745, 0.915432333946228]","[[173.26407623291016, 23.535658836364746, 249.15991973876953, 125.02117824554443], [351.30377197265625, 0.2137441635131836, 450.0486145019531, 166.1374855041504], [427.9983673095703, 11.946207046508789, 561.8760223388672, 189.9075222015381], [410.627197265625, 600.6036071777344, 546.3456115722656, 719.7624206542969], [182.15983200073242, 114.24871444702148, 329.2529296875, 592.4782562255859], [486.3256072998047, 94.8669261932373, 630.2705841064453, 579.0002288818359], [368.6655578613281, 174.8898468017578, 562.1254577636719, 644.5509796142578], [51.54182052612305, 146.18490600585938, 275.0658416748047, 644.4526519775391]]"
12,"[0, 0, 0, 0, 0, 0, 0, 0]","[0.2699202597141266, 0.35696864128112793, 0.3796951472759247, 0.4134969711303711, 0.5006102919578552, 0.6855886578559875, 0.878068208694458, 0.9268783330917358]","[[434.77757263183594, 21.497403144836426, 560.9046478271484, 259.2774467468262], [153.9480857849121, 128.03485679626465, 283.63970947265625, 607.958610534668], [124.6860580444336, 0.4374704360961914, 184.66017150878906, 127.59209060668945], [314.88182830810547, 52.817596435546875, 378.5764846801758, 174.50244140625], [175.63542938232422, 24.259610652923584, 268.7343978881836, 125.60334205627441], [454.4879150390625, 98.97992420196533, 642.1344909667969, 337.56354904174805], [428.04638671875, 173.86895942687988, 701.9140319824219, 719.1299514770508], [4.6778411865234375, 156.76532363891602, 240.68362426757812, 658.1850128173828]]"
13,"[0, 0, 0, 0, 0, 0, 0]","[0.2525928318500519, 0.4018080234527588, 0.7517669796943665, 0.8206338882446289, 0.8648958802223206, 0.8708757758140564, 0.9100152850151062]","[[108.17603302001953, 130.07561874389648, 271.7567138671875, 643.3651428222656], [178.15957260131836, 23.86005163192749, 271.4728317260742, 125.52564811706543], [422.94163513183594, 23.644071578979492, 530.1276397705078, 509.1694107055664], [460.3674774169922, 541.8985748291016, 672.5500030517578, 720.0531463623047], [461.526123046875, 91.1447582244873, 631.5823974609375, 595.3533782958984], [571.380615234375, 162.86713027954102, 756.8123474121094, 719.3103332519531], [-0.4548683166503906, 152.32995414733887, 169.32101440429688, 658.2726287841797]]"
14,"[0, 0, 0, 0, 0, 0, 0, 0]","[0.27386826276779175, 0.2874086797237396, 0.3920813500881195, 0.4610152244567871, 0.8165550231933594, 0.8875541687011719, 0.9099412560462952, 0.9307589530944824]","[[125.12496185302734, 1.4761419296264648, 175.7167739868164, 123.61381244659424], [177.69003295898438, 24.944518089294434, 252.16470336914062, 123.79240894317627], [161.98146057128906, 15.781791687011719, 285.40150451660156, 420.84760665893555], [555.2063140869141, -0.3373575210571289, 638.8019256591797, 287.55745697021484], [498.4658203125, 509.2466583251953, 760.1530151367188, 719.5157775878906], [-0.36612510681152344, 158.51354026794434, 119.34940338134766, 660.3307113647461], [441.3382873535156, 123.8759822845459, 631.1554870605469, 624.7762756347656], [655.2970733642578, 141.62494468688965, 867.0441284179688, 712.7569885253906]]"
15,"[0, 0, 0, 0, 0, 0, 0]","[0.31796160340309143, 0.4280833899974823, 0.7870849967002869, 0.8684619069099426, 0.9100561738014221, 0.9129366278648376, 0.9533277750015259]","[[137.78812408447266, 11.803213119506836, 290.1526565551758, 420.72301483154297], [397.89312744140625, 25.531926155090332, 553.1504516601562, 287.2730140686035], [546.3873138427734, 0.3134021759033203, 639.2774505615234, 293.8495330810547], [0.8680915832519531, 136.25372886657715, 119.75167465209961, 663.6182327270508], [541.0638885498047, 497.0702018737793, 814.5151977539062, 717.1869506835938], [417.69337463378906, 124.04465675354004, 610.2977142333984, 653.1608963012695], [738.1988525390625, 148.84071350097656, 959.9591674804688, 716.8224792480469]]"
16,"[0, 0, 0, 0, 0, 0, 0]","[0.5588221549987793, 0.6212911009788513, 0.7768009305000305, 0.8659827709197998, 0.9153231978416443, 0.9182573556900024, 0.92985999584198]","[[391.30934143066406, 43.32747745513916, 551.8090667724609, 295.27246856689453], [165.93414688110352, 16.35783576965332, 289.98106384277344, 421.01051330566406], [548.7196197509766, 0.16939544677734375, 639.5811309814453, 296.5300941467285], [0.38292503356933594, 205.3154697418213, 92.76274681091309, 617.8267364501953], [625.2091827392578, 465.8162956237793, 898.2295532226562, 719.4293975830078], [404.03961181640625, 109.47451972961426, 604.9632568359375, 655.9917984008789], [820.8158569335938, 130.2081756591797, 960.05419921875, 717.1631240844727]]"
17,"[0, 0, 0, 0, 0, 0, 0]","[0.5606134533882141, 0.6214543581008911, 0.7755811214447021, 0.8663487434387207, 0.9156081080436707, 0.9185354709625244, 0.929949939250946]","[[391.30810546875, 43.342369079589844, 551.8111267089844, 295.29986572265625], [166.0107192993164, 16.386486053466797, 289.9866256713867, 421.0245895385742], [548.4805755615234, 0.15578269958496094, 639.5868072509766, 296.53699493408203], [0.38149166107177734, 205.31749534606934, 92.77054595947266, 617.8194580078125], [625.2230987548828, 465.59780502319336, 898.2291870117188, 719.43310546875], [403.9903564453125, 109.48833847045898, 604.9532775878906, 655.9392700195312], [820.6951904296875, 130.19626235961914, 960.0525512695312, 717.1642913818359]]"
18,"[0, 0, 0, 0, 0]","[0.4092983305454254, 0.6333926916122437, 0.7354072332382202, 0.9038535356521606, 0.9372739195823669]","[[885.2187194824219, 183.96324920654297, 959.6910095214844, 631.9792556762695], [391.2197570800781, 52.60902786254883, 557.6188659667969, 359.63875579833984], [537.7018432617188, 0.13516616821289062, 640.1476135253906, 294.4346923828125], [411.0999755859375, 139.09659576416016, 607.1709594726562, 689.636604309082], [689.1145935058594, 429.8759307861328, 959.2835998535156, 718.6555480957031]]"
19,"[0, 0, 0, 0, 0]","[0.37403565645217896, 0.6720001697540283, 0.7679597735404968, 0.9065858721733093, 0.9281156063079834]","[[397.32586669921875, 41.19497108459473, 568.203369140625, 341.43331146240234], [145.2030372619629, 18.772493362426758, 284.7913055419922, 420.91747283935547], [549.7103118896484, 0.10037040710449219, 640.1483917236328, 290.84497833251953], [418.58953857421875, 148.73357963562012, 617.0012512207031, 711.6204528808594], [754.5752563476562, 418.0080871582031, 959.4622192382812, 718.4006652832031]]"
20,"[0, 0, 0, 0, 0]","[0.2586531341075897, 0.44237568974494934, 0.7483490705490112, 0.7929283380508423, 0.8770674467086792]","[[142.49288177490234, 15.483238220214844, 286.48990631103516, 421.1309509277344], [405.5672149658203, 52.220746994018555, 576.2278289794922, 303.1202087402344], [531.9464721679688, 1.0636482238769531, 641.3608703613281, 293.05130767822266], [817.2366027832031, 398.5001106262207, 958.9867858886719, 718.5616149902344], [413.7216796875, 144.2475185394287, 608.5602722167969, 710.400764465332]]"
21,"[0, 0, 0, 0, 0, 0]","[0.26777374744415283, 0.27109917998313904, 0.7026697397232056, 0.7719582319259644, 0.8709391951560974, 0.9115844368934631]","[[194.5689239501953, 192.45053100585938, 282.00279235839844, 419.0891418457031], [694.0997314453125, 0.32553863525390625, 755.1383056640625, 126.16839981079102], [859.9666442871094, 492.4043426513672, 959.3616027832031, 719.5491485595703], [394.0213623046875, 65.30516338348389, 567.9255981445312, 352.84302520751953], [557.1190338134766, 1.1150264739990234, 641.9635162353516, 293.70726013183594], [391.85179138183594, 166.01600074768066, 595.2201690673828, 720.3636474609375]]"
22,"[0, 0, 0, 0, 0, 0]","[0.3107137978076935, 0.3733838200569153, 0.7992493510246277, 0.8163038492202759, 0.8812882900238037, 0.8949876427650452]","[[161.02637100219727, 2.172700881958008, 283.8695983886719, 420.2762145996094], [693.8848114013672, 0.039061546325683594, 754.1884918212891, 129.64026832580566], [377.039794921875, 45.72846221923828, 549.9606628417969, 390.8294906616211], [747.8813323974609, 51.72124671936035, 846.8315734863281, 370.34493255615234], [557.0228118896484, 0.48568153381347656, 642.7375946044922, 297.1790084838867], [364.1476135253906, 179.5751552581787, 584.6587829589844, 717.2126998901367]]"
23,"[0, 0, 0, 0, 0, 0]","[0.3093074560165405, 0.37316250801086426, 0.7979148030281067, 0.8163014650344849, 0.8811352849006653, 0.8950667977333069]","[[161.59477615356445, 2.132944107055664, 283.90333557128906, 420.1852340698242], [693.8834381103516, 0.04000997543334961, 754.1914215087891, 129.63304138183594], [377.0463638305664, 45.48847961425781, 549.9530181884766, 390.8608703613281], [747.9076538085938, 51.681678771972656, 846.826904296875, 370.33792877197266], [557.0904235839844, 0.4712791442871094, 642.7402038574219, 297.28104400634766], [364.2543182373047, 179.59798622131348, 584.6457366943359, 717.2107086181641]]"
24,"[0, 0, 0, 0, 0]","[0.43973323702812195, 0.5339034199714661, 0.8445844054222107, 0.8760622143745422, 0.8998228311538696]","[[730.7228393554688, 18.725509643554688, 847.606201171875, 389.9521293640137], [142.5289306640625, 14.341913223266602, 286.52723693847656, 420.6803741455078], [368.00592041015625, 65.76334476470947, 548.3131713867188, 349.86971282958984], [555.9794311523438, 1.324178695678711, 641.6926574707031, 297.1885528564453], [347.2570266723633, 163.8753490447998, 566.7895202636719, 720.1715240478516]]"
25,"[0, 0, 0, 0, 0]","[0.3747657239437103, 0.812697172164917, 0.8244159817695618, 0.8450121283531189, 0.9348231554031372]","[[190.58766174316406, 198.7170639038086, 280.1978759765625, 418.6643829345703], [693.7397918701172, 7.218772888183594, 833.6600646972656, 390.5951385498047], [366.7133331298828, 86.32327079772949, 550.8300933837891, 341.03773498535156], [554.7475891113281, 1.2514629364013672, 640.6630554199219, 297.68788146972656], [290.76841735839844, 187.00290870666504, 547.4243316650391, 719.1443710327148]]"
26,"[0, 0, 0, 0, 0]","[0.359571248292923, 0.7811765670776367, 0.7911417484283447, 0.7929700016975403, 0.9134644865989685]","[[153.85243606567383, 11.543437957763672, 285.9956359863281, 415.1762580871582], [689.9042358398438, 5.636707305908203, 806.5655822753906, 414.17454528808594], [370.4750061035156, 81.11890983581543, 562.8214416503906, 444.8342971801758], [551.7530822753906, 2.9694156646728516, 639.1246948242188, 296.45343017578125], [282.04527282714844, 209.52345657348633, 547.2846221923828, 719.2010192871094]]"
27,"[0, 0, 0, 0, 0]","[0.2783550024032593, 0.29432666301727295, 0.5813231468200684, 0.8372164964675903, 0.8550330996513367]","[[180.684814453125, 22.348697662353516, 251.9962921142578, 124.39772987365723], [692.2345275878906, 8.950574398040771, 770.1003112792969, 130.3260555267334], [148.6219253540039, 19.915740966796875, 291.70694732666016, 419.0580711364746], [549.5116882324219, 4.10313606262207, 638.63671875, 296.89363861083984], [247.19503784179688, 205.4363193511963, 520.9920959472656, 718.7210540771484]]"
28,"[0, 0, 0, 0, 0]","[0.2884734570980072, 0.7250980138778687, 0.8251320123672485, 0.892598569393158, 0.9164310693740845]","[[240.67520141601562, 197.68740463256836, 286.6094055175781, 366.5497741699219], [613.0317993164062, 0.6242465972900391, 756.8709411621094, 442.1092758178711], [552.3564147949219, 5.025609970092773, 636.9295349121094, 294.47142791748047], [367.6031799316406, 106.18025207519531, 566.7629699707031, 681.8770294189453], [215.35308837890625, 239.04765129089355, 492.86846923828125, 719.6544799804688]]"
29,"[0, 0, 0, 0, 0]","[0.2811298668384552, 0.7254933714866638, 0.8269567489624023, 0.892372190952301, 0.9163230061531067]","[[240.68362426757812, 197.67087364196777, 286.60693359375, 366.46826934814453], [612.9906005859375, 0.6394557952880859, 756.8744201660156, 442.0685577392578], [552.2914123535156, 5.025180816650391, 636.9212951660156, 294.53995513916016], [367.6427307128906, 106.1806468963623, 566.7691040039062, 681.8384399414062], [215.46512603759766, 238.97539901733398, 492.8631591796875, 719.6596984863281]]"
30,"[0, 0, 0, 0, 0, 0, 0]","[0.3067828416824341, 0.3411981463432312, 0.3854210078716278, 0.437755286693573, 0.80387282371521, 0.921777606010437, 0.9498379230499268]","[[158.66754913330078, 19.4670352935791, 280.99422454833984, 421.0078353881836], [424.0229187011719, 0.2516212463378906, 498.61669921875, 181.4567356109619], [177.61951446533203, 23.66669225692749, 252.9576187133789, 124.84892463684082], [562.1878967285156, 2.002387046813965, 637.6767883300781, 287.20400619506836], [590.5700225830078, 11.433488845825195, 722.6370391845703, 459.6687927246094], [338.5137176513672, 108.4562931060791, 546.3379669189453, 679.4857864379883], [159.80998992919922, 258.91747283935547, 452.2770080566406, 719.2075424194336]]"
31,"[0, 0, 0]","[0.7993364334106445, 0.9268378615379333, 0.9510446786880493]","[[543.4410552978516, 13.254558563232422, 649.8941802978516, 464.1752815246582], [311.6091613769531, 97.00148391723633, 513.2904968261719, 715.0543670654297], [150.64430236816406, 250.85053825378418, 402.8345031738281, 717.883415222168]]"
32,"[0, 0, 0, 0, 0]","[0.40444809198379517, 0.44312596321105957, 0.8845104575157166, 0.8937830328941345, 0.9147948622703552]","[[174.97204971313477, 26.441619873046875, 273.25653076171875, 124.8834114074707], [520.1654205322266, 0.022788047790527344, 570.9918365478516, 107.6834306716919], [523.9377136230469, 35.81927490234375, 647.1867370605469, 481.4728775024414], [128.94095993041992, 289.2026596069336, 363.6781768798828, 719.057991027832], [288.60003662109375, 116.14224243164062, 483.4954833984375, 717.8281402587891]]"
33,"[0, 0, 0, 0]","[0.5948348641395569, 0.9227616786956787, 0.9334002733230591, 0.9442416429519653]","[[0.29917287826538086, 521.8483200073242, 46.56572341918945, 719.2796401977539], [507.4335021972656, 51.52471160888672, 642.5693664550781, 506.1390037536621], [268.10009765625, 133.32036209106445, 474.53448486328125, 719.0752258300781], [61.086273193359375, 317.1166534423828, 325.7314453125, 720.1748886108398]]"
34,"[0, 0, 0, 0, 0]","[0.3092280924320221, 0.5289522409439087, 0.9240612983703613, 0.9283195734024048, 0.9490054845809937]","[[0.36179065704345703, 232.4385166168213, 51.40547561645508, 690.8050003051758], [353.5562438964844, 1.355936050415039, 502.6745910644531, 353.1167907714844], [501.45465087890625, 47.80199432373047, 641.6172180175781, 513.0240325927734], [243.8308868408203, 132.98589706420898, 464.0415802001953, 719.3106079101562], [25.89309310913086, 309.68828201293945, 275.3963928222656, 719.6351165771484]]"
35,"[0, 0, 0, 0, 0]","[0.30891352891921997, 0.5274508595466614, 0.9241719245910645, 0.9276757836341858, 0.9491516351699829]","[[0.3658561706542969, 232.26208305358887, 51.43208312988281, 690.9544830322266], [352.29107666015625, 1.3486576080322266, 502.7300720214844, 353.12523651123047], [501.4639434814453, 47.71374320983887, 641.6170806884766, 513.0135269165039], [243.85757446289062, 132.96265411376953, 463.92686462402344, 719.0359497070312], [25.971622467041016, 309.6942901611328, 275.43150329589844, 719.6473388671875]]"
36,"[0, 0, 0, 0, 0, 0, 0]","[0.30898359417915344, 0.3539012670516968, 0.6010417342185974, 0.678778886795044, 0.9022397994995117, 0.9348899722099304, 0.9486689567565918]","[[176.9641571044922, 25.286561965942383, 274.8809051513672, 123.89922523498535], [313.1704330444336, 14.456857681274414, 400.4670867919922, 243.4899730682373], [0.45827293395996094, 204.66195487976074, 80.7561264038086, 575.1020050048828], [399.2443542480469, 4.190271377563477, 503.40179443359375, 353.73937225341797], [481.0084991455078, 65.36710739135742, 626.3514862060547, 544.9498558044434], [225.8686065673828, 135.1077003479004, 435.1524353027344, 719.2530670166016], [0.7831192016601562, 349.94733810424805, 214.5574722290039, 718.9017791748047]]"
37,"[0, 0, 0, 0, 0, 0]","[0.30906379222869873, 0.549490749835968, 0.8141204118728638, 0.901087760925293, 0.9116377234458923, 0.9536805748939514]","[[320.03013610839844, 0.17523193359375, 422.9179229736328, 289.9677200317383], [568.1623077392578, 1.7884540557861328, 644.3706207275391, 295.77117919921875], [0.14647293090820312, 141.59523010253906, 99.7715835571289, 494.64170837402344], [0.46907615661621094, 380.9999885559082, 118.78548431396484, 718.27734375], [441.44769287109375, 70.13294219970703, 624.4651794433594, 555.2670135498047], [198.1311492919922, 162.76088905334473, 414.7152557373047, 719.5884246826172]]"
38,"[0, 0, 0, 0, 0, 0, 0]","[0.2791306674480438, 0.5918533205986023, 0.6616919040679932, 0.7318779826164246, 0.9135622382164001, 0.9344766736030579, 0.9461253881454468]","[[178.07489776611328, 23.57935094833374, 277.6673355102539, 124.67329788208008], [563.3381652832031, 0.22913360595703125, 644.5365600585938, 294.66375732421875], [0.16465187072753906, 138.3037691116333, 99.8096694946289, 349.39915466308594], [317.38641357421875, 6.490190505981445, 434.9593048095703, 298.4201889038086], [0.27088165283203125, 272.8743667602539, 153.06356048583984, 718.9654998779297], [413.0102233886719, 76.72575187683105, 610.6700134277344, 574.3814392089844], [149.22164154052734, 171.88493156433105, 385.2747802734375, 719.1397705078125]]"
39,"[0, 0, 0, 0, 0, 0, 0]","[0.3554218113422394, 0.36377495527267456, 0.5302273631095886, 0.8641987442970276, 0.8642299175262451, 0.9365917444229126, 0.9467246532440186]","[[172.32543182373047, 22.341736793518066, 275.38680267333984, 123.55182552337646], [50.493438720703125, 244.95324897766113, 170.25196838378906, 674.039176940918], [563.5547332763672, 0.6554546356201172, 645.9965972900391, 317.52513885498047], [-0.23704147338867188, 123.17460823059082, 109.97843170166016, 681.0059509277344], [322.43247985839844, 3.1730575561523438, 454.88905334472656, 300.51507568359375], [422.0272521972656, 91.72396087646484, 621.7555847167969, 601.3555526733398], [100.68081665039062, 173.4111213684082, 353.5198516845703, 718.6067962646484]]"
40,"[0, 0, 0, 0, 0, 0, 0, 0]","[0.27222514152526855, 0.2949831783771515, 0.33475974202156067, 0.5080859065055847, 0.900485098361969, 0.9022546410560608, 0.912086009979248, 0.9304406642913818]","[[163.55437088012695, 20.296593189239502, 275.4814453125, 123.26672172546387], [223.518310546875, 250.7223415374756, 313.0170135498047, 351.47883224487305], [570.8274993896484, 1.0601806640625, 648.4756622314453, 376.4506530761719], [714.5146179199219, 17.469823837280273, 849.1705627441406, 368.95179748535156], [60.38353729248047, 213.73966598510742, 358.5720748901367, 719.8636322021484], [325.8621597290039, 1.7220897674560547, 450.42539978027344, 305.8018341064453], [0.1808795928955078, 115.2740306854248, 131.65592193603516, 665.8239440917969], [454.9010467529297, 87.38358879089355, 635.7625579833984, 601.5640182495117]]"
41,"[0, 0, 0, 0, 0, 0, 0, 0]","[0.27200838923454285, 0.29495981335639954, 0.33854323625564575, 0.5116031169891357, 0.901583731174469, 0.9023087024688721, 0.9120149612426758, 0.9303759336471558]","[[163.5289649963379, 20.29092836380005, 275.44981384277344, 123.26521110534668], [223.51446533203125, 250.72131156921387, 313.0103759765625, 351.48023986816406], [570.7290344238281, 1.03875732421875, 648.4757995605469, 376.4612617492676], [714.520751953125, 17.95172882080078, 849.1552734375, 368.95694732666016], [60.403141021728516, 213.74150276184082, 358.5141906738281, 719.8534698486328], [325.8632583618164, 1.711944580078125, 450.45762634277344, 305.76942443847656], [0.1812000274658203, 115.29330825805664, 131.66697692871094, 665.9052429199219], [454.9009094238281, 87.3804988861084, 635.7646179199219, 601.5549545288086]]"
42,"[0, 0, 0, 0, 0]","[0.2601073980331421, 0.8038308024406433, 0.8932735323905945, 0.9328766465187073, 0.9425969123840332]","[[-1.6920146942138672, 118.97566795349121, 167.88709259033203, 509.67608642578125], [328.7651824951172, 12.27649211883545, 453.9108123779297, 297.57286834716797], [236.8649139404297, 226.94257164001465, 419.22422790527344, 720.1494140625], [10.115341186523438, 238.90673446655273, 273.5679473876953, 717.6722717285156], [459.3401184082031, 98.69806480407715, 645.7059631347656, 620.3821563720703]]"
43,"[0, 0, 0, 0, 0, 0, 0, 0, 0]","[0.27149686217308044, 0.2845105826854706, 0.33283090591430664, 0.3624228835105896, 0.411037415266037, 0.8123468160629272, 0.822769045829773, 0.9254143238067627, 0.9331039190292358]","[[564.7732086181641, 0.4192056655883789, 640.7628021240234, 179.12013244628906], [486.0823516845703, 174.31723594665527, 641.6299896240234, 629.7486877441406], [203.29934692382812, 197.26927185058594, 286.0191650390625, 419.50511169433594], [482.7803649902344, 1.0525331497192383, 558.1849365234375, 188.817626953125], [135.6954803466797, 7.463815212249756, 251.1792755126953, 124.91777801513672], [34.014404296875, 102.7919054031372, 199.51487731933594, 356.73836517333984], [333.79637145996094, 7.142229080200195, 464.89842224121094, 282.73777198791504], [339.3201370239258, 225.29673385620117, 594.5935363769531, 721.0335388183594], [-0.15368270874023438, 233.5326690673828, 229.98582458496094, 718.4384994506836]]"
44,"[0, 0, 0, 0, 0, 0, 0, 0]","[0.322825163602829, 0.3797810971736908, 0.5134819149971008, 0.8363027572631836, 0.8507875800132751, 0.8747047185897827, 0.8975747227668762, 0.9113343358039856]","[[210.4569854736328, 206.75112533569336, 285.2086486816406, 421.0654106140137], [537.2609710693359, 0.27443504333496094, 640.0032806396484, 183.59313011169434], [126.29021072387695, 1.8237133026123047, 250.3187255859375, 124.12659072875977], [82.97782516479492, 106.87431335449219, 264.8588562011719, 574.9333648681641], [436.1990661621094, 103.91535186767578, 629.3235168457031, 419.9600486755371], [335.1841735839844, 0.8909568786621094, 462.46875, 317.5147705078125], [0.4971199035644531, 253.64226722717285, 183.0871696472168, 719.2302017211914], [446.3033752441406, 217.73829460144043, 661.5324096679688, 720.1103439331055]]"
45,"[0, 0, 0, 0, 0, 0]","[0.690843403339386, 0.8333518505096436, 0.8617735505104065, 0.8784802556037903, 0.899784505367279, 0.9248903393745422]","[[554.7693328857422, 49.21811485290527, 642.2746124267578, 230.5744113922119], [335.2049102783203, 4.397089004516602, 460.2410430908203, 315.6556091308594], [0.9807758331298828, 366.40228271484375, 127.85577392578125, 718.831672668457], [428.69361877441406, 121.64186096191406, 609.1828765869141, 688.8122177124023], [548.3873291015625, 207.04042625427246, 812.2344360351562, 718.4176254272461], [144.85906219482422, 102.85465621948242, 297.1780014038086, 595.7153778076172]]"
46,"[0, 0, 0, 0, 0, 0]","[0.5471756458282471, 0.675940752029419, 0.7892400026321411, 0.9238643646240234, 0.9297659993171692, 0.9606302976608276]","[[531.4309844970703, 52.98415946960449, 633.7526092529297, 283.32952308654785], [325.3619842529297, 7.760587692260742, 455.09083557128906, 337.9130172729492], [0.2112722396850586, 423.88453674316406, 66.68001937866211, 718.6180572509766], [435.32872009277344, 136.27968406677246, 626.1161956787109, 707.928840637207], [185.71775436401367, 83.3569107055664, 401.8963623046875, 585.3111877441406], [603.6866455078125, 204.61091995239258, 869.9307861328125, 717.7498626708984]]"
47,"[0, 0, 0, 0, 0, 0, 0]","[0.2560601532459259, 0.5481429696083069, 0.6721864342689514, 0.7903421521186829, 0.9237750768661499, 0.9295157194137573, 0.9607495665550232]","[[126.68907165527344, 25.817991256713867, 245.68418884277344, 386.843994140625], [531.3419036865234, 52.96556854248047, 633.7590179443359, 283.23976135253906], [325.31558990478516, 7.783418655395508, 455.118896484375, 337.8991470336914], [0.2139444351196289, 423.89881896972656, 66.75210571289062, 718.6661224365234], [435.3314208984375, 136.29152870178223, 626.1167907714844, 707.889289855957], [185.69255447387695, 83.36736488342285, 402.0281982421875, 585.3221740722656], [603.6545104980469, 204.58475875854492, 869.9528503417969, 717.7870788574219]]"
48,"[0, 0, 0, 0, 0, 0, 0, 0]","[0.28179001808166504, 0.393667995929718, 0.6101232767105103, 0.6269432902336121, 0.6428381204605103, 0.9214715957641602, 0.9337791204452515, 0.9367749691009521]","[[179.55322265625, 19.622998237609863, 252.3160400390625, 123.17590427398682], [128.86759185791016, 5.514694690704346, 200.29007720947266, 123.58843231201172], [0.11411762237548828, 396.4182357788086, 20.11271381378174, 473.5447998046875], [558.5289001464844, 1.0403022766113281, 640.1679382324219, 279.54176330566406], [326.68121337890625, 1.8005390167236328, 454.8507385253906, 207.8825454711914], [227.98480224609375, 88.57392311096191, 453.81298828125, 577.7008209228516], [761.4332885742188, 179.5869140625, 958.4298706054688, 708.7276840209961], [424.1067352294922, 134.56209182739258, 635.6930694580078, 711.4544219970703]]"
49,"[0, 0, 0, 0, 0, 0, 0, 0, 0, 0, 0]","[0.2676946222782135, 0.2746381461620331, 0.2800682783126831, 0.3355261981487274, 0.4000450670719147, 0.5523532032966614, 0.6545183658599854, 0.7778258323669434, 0.9164318442344666, 0.9180449843406677, 0.9293817281723022]","[[713.5778961181641, 2.353365898132324, 790.0167846679688, 133.84398078918457], [125.7571907043457, 7.136070728302002, 186.88496017456055, 122.98200416564941], [317.81920623779297, 5.417804718017578, 437.05128479003906, 156.32968139648438], [699.7810363769531, 1.6727027893066406, 803.3030090332031, 331.69945907592773], [180.7503433227539, 19.519233226776123, 253.44445037841797, 122.78340911865234], [401.5128936767578, 4.494172096252441, 512.5924530029297, 260.6477508544922], [0.32705211639404297, 270.36862564086914, 61.80311965942383, 486.1241798400879], [555.5462951660156, 1.067570686340332, 640.2964782714844, 285.0775337219238], [808.0314331054688, 181.97985649108887, 959.6231689453125, 703.3853073120117], [412.79351806640625, 158.61346435546875, 645.0703125, 720.6241607666016], [300.83621978759766, 78.85806083679199, 457.581298828125, 546.6996688842773]]"
50,"[0, 0, 0, 0, 0, 0, 0, 0]","[0.2551672160625458, 0.33138251304626465, 0.42255720496177673, 0.43915244936943054, 0.6952855587005615, 0.8737684488296509, 0.8769325613975525, 0.9173349142074585]","[[160.53323364257812, 19.008527755737305, 282.84576416015625, 366.4344177246094], [693.5582885742188, 0.9169635772705078, 821.8268737792969, 332.4868698120117], [732.0780944824219, 0.6602182388305664, 833.4524230957031, 133.68577766418457], [179.33254623413086, 19.145075798034668, 269.26991271972656, 122.71001529693604], [551.8218383789062, 0.6527509689331055, 644.7476806640625, 282.81246185302734], [-0.07664680480957031, 206.35626983642578, 96.0252685546875, 718.8383331298828], [343.14491271972656, 64.55075454711914, 498.93690490722656, 543.7308540344238], [422.1906280517578, 161.0112648010254, 643.6247406005859, 719.8453674316406]]"
51,"[0, 0, 0, 0, 0, 0, 0, 0]","[0.2575508654117584, 0.521011471748352, 0.5328460931777954, 0.5349093079566956, 0.8174630403518677, 0.8747952580451965, 0.9264900088310242, 0.9481920599937439]","[[310.61805725097656, 23.08615493774414, 399.89556884765625, 183.08137321472168], [156.91057205200195, 262.33025550842285, 245.91041564941406, 398.8618354797363], [698.1951599121094, 1.965951919555664, 818.8672485351562, 329.50806427001953], [181.10501861572266, 20.019591808319092, 258.45577239990234, 123.76955223083496], [327.3900604248047, 69.29619598388672, 515.9409027099609, 441.9294776916504], [530.5774383544922, 1.1562767028808594, 645.6957550048828, 278.8256607055664], [0.18098831176757812, 190.85272407531738, 131.80720138549805, 717.5543746948242], [426.0119934082031, 165.38804626464844, 651.5234069824219, 720.5487670898438]]"
52,"[0, 0, 0, 0, 0, 0, 0, 0]","[0.4518492519855499, 0.5369852185249329, 0.5430008172988892, 0.6764444708824158, 0.7196270227432251, 0.8561860918998718, 0.9514824151992798, 0.9519314169883728]","[[182.35152053833008, 21.163397312164307, 264.96004486083984, 124.18562507629395], [729.6901245117188, 1.094736099243164, 824.7214965820312, 325.60022735595703], [319.92059326171875, 22.935728073120117, 392.1470031738281, 193.0004825592041], [312.96654510498047, 63.81211280822754, 399.99952697753906, 440.03162384033203], [360.2053985595703, 47.798784255981445, 541.5032501220703, 394.37388610839844], [546.0632629394531, 0.33291149139404297, 643.5187683105469, 284.571475982666], [0.009664535522460938, 198.424467086792, 176.07760620117188, 719.8285446166992], [450.8854064941406, 195.00086975097656, 671.6061401367188, 718.8931274414062]]"
53,"[0, 0, 0, 0, 0, 0, 0, 0]","[0.44615134596824646, 0.5314618349075317, 0.5487254858016968, 0.6682363152503967, 0.7198342680931091, 0.8565245866775513, 0.9515783786773682, 0.952033281326294]","[[182.33399963378906, 21.492313385009766, 264.8440704345703, 124.22107315063477], [729.6881103515625, 1.1340293884277344, 825.2946166992188, 325.6102867126465], [319.92132568359375, 23.34118366241455, 392.16490173339844, 192.9368133544922], [313.03260040283203, 63.8159236907959, 403.11744689941406, 440.22374725341797], [359.9627380371094, 47.77227973937988, 541.47216796875, 394.4871826171875], [545.9230041503906, 0.3125267028808594, 643.4466247558594, 284.5584468841553], [0.010877609252929688, 198.39682960510254, 176.2071075439453, 719.822021484375], [450.9017028808594, 194.98526573181152, 671.5981750488281, 718.9047317504883]]"
54,"[0, 0, 0, 0, 0, 0, 0, 0]","[0.299891859292984, 0.309811532497406, 0.4833371937274933, 0.6059671640396118, 0.7087022662162781, 0.8376782536506653, 0.9534744024276733, 0.9543502330780029]","[[219.24343872070312, 225.1014862060547, 279.2376708984375, 417.0824203491211], [744.996826171875, 19.574237823486328, 840.2213745117188, 328.16076278686523], [251.85704040527344, 49.41459846496582, 378.90367126464844, 438.72754669189453], [189.04887771606445, 20.094740867614746, 274.76573181152344, 123.96506595611572], [552.9100799560547, 0.8228588104248047, 642.1872711181641, 212.2789134979248], [335.33294677734375, 49.13693618774414, 560.7302856445312, 460.7491264343262], [478.6650695800781, 189.61911392211914, 720.715576171875, 720.2767181396484], [9.893852233886719, 210.85568618774414, 222.91383361816406, 719.8077392578125]]"
55,"[0, 0, 0, 0, 0, 0, 0, 0, 0]","[0.3474658131599426, 0.3595598340034485, 0.38376864790916443, 0.4448729455471039, 0.4883991777896881, 0.5129497647285461, 0.7652595043182373, 0.9314612150192261, 0.9618808031082153]","[[415.61224365234375, 0.035147666931152344, 529.9840393066406, 151.1613006591797], [754.0856781005859, 3.7014312744140625, 847.1166687011719, 324.7631034851074], [197.2288055419922, 21.506316661834717, 273.63404846191406, 123.60110092163086], [216.83065795898438, 29.18909454345703, 370.89019775390625, 440.1188621520996], [427.83709716796875, 42.56695747375488, 576.2097473144531, 424.4398956298828], [0.1678619384765625, 198.40228843688965, 30.466381072998047, 396.16163635253906], [556.8414001464844, 0.9453563690185547, 643.9892578125, 293.3987503051758], [497.91668701171875, 218.44610595703125, 766.8456115722656, 719.0299758911133], [42.20877456665039, 206.1298484802246, 273.5303649902344, 719.5400848388672]]"
56,"[0, 0, 0, 0, 0, 0]","[0.28834304213523865, 0.3487846553325653, 0.821377158164978, 0.8491506576538086, 0.946468710899353, 0.9559249877929688]","[[760.4964752197266, 0.3237791061401367, 844.2814636230469, 131.83789443969727], [179.69618225097656, 21.21882677078247, 261.9412078857422, 125.52439498901367], [557.4623565673828, 1.1064949035644531, 642.1802215576172, 298.7443199157715], [434.7238311767578, 28.444324493408203, 570.9574127197266, 436.02810287475586], [73.40376663208008, 229.40029907226562, 318.08912658691406, 718.3401718139648], [498.6387176513672, 239.45890045166016, 792.14208984375, 718.35205078125]]"
57,"[0, 0, 0, 0, 0, 0, 0]","[0.3541070818901062, 0.3932875990867615, 0.48881199955940247, 0.8668312430381775, 0.8899600505828857, 0.9532498717308044, 0.9557667970657349]","[[184.68687057495117, 11.551415920257568, 277.23486328125, 124.80939102172852], [416.6503601074219, 26.55416965484619, 466.1452331542969, 245.34856796264648], [519.568359375, 0.22049903869628906, 580.5295715332031, 97.58254051208496], [553.0332641601562, 1.0299854278564453, 640.8169555664062, 299.7117691040039], [432.84361267089844, 40.65882110595703, 569.3429718017578, 434.08829498291016], [114.6163215637207, 249.00826835632324, 368.7099609375, 717.8072662353516], [517.6664886474609, 246.1765422821045, 789.9497680664062, 718.3357772827148]]"
58,"[0, 0, 0, 0, 0, 0]","[0.3212653398513794, 0.5887591242790222, 0.8801787495613098, 0.8809486627578735, 0.8908998370170593, 0.9538726806640625]","[[618.7165832519531, 0.027182579040527344, 719.0896911621094, 122.79835224151611], [749.0643310546875, 0.8062033653259277, 842.8767700195312, 132.62638664245605], [550.2538604736328, 2.3879470825195312, 640.7063140869141, 297.4083480834961], [415.3329620361328, 24.644102096557617, 558.4313507080078, 431.3026428222656], [536.0575103759766, 291.9383239746094, 800.8675231933594, 719.3085479736328], [153.14477920532227, 254.84719276428223, 398.66578674316406, 718.8549499511719]]"
59,"[0, 0, 0, 0, 0, 0]","[0.32189494371414185, 0.5890949368476868, 0.8786635994911194, 0.8789340853691101, 0.8907544016838074, 0.9537856578826904]","[[618.7110900878906, 0.02735424041748047, 719.1038818359375, 122.86778926849365], [749.0219879150391, 0.806847095489502, 842.8796081542969, 132.62101364135742], [415.3029327392578, 24.254121780395508, 558.4662322998047, 431.31974029541016], [550.0613250732422, 2.344379425048828, 640.7150115966797, 297.4518814086914], [536.07275390625, 291.94361114501953, 800.8706359863281, 719.3082046508789], [153.13652801513672, 254.83948516845703, 398.6181335449219, 718.8550186157227]]"
60,"[0, 0, 0, 0, 0, 0]","[0.2514987289905548, 0.30666548013687134, 0.8470895886421204, 0.9000028967857361, 0.9462887048721313, 0.9551531076431274]","[[149.45011138916016, 343.7401657104492, 215.3346176147461, 445.730712890625], [622.2403564453125, 0.05461835861206055, 725.8730163574219, 106.39155006408691], [548.9326171875, 2.7914886474609375, 641.511474609375, 296.5067138671875], [401.4687194824219, 16.720504760742188, 535.1311340332031, 429.48838806152344], [190.78439712524414, 286.02563667297363, 427.0229187011719, 718.75634765625], [554.4214782714844, 303.64648818969727, 837.3049621582031, 719.4439544677734]]"
61,"[0, 0, 0, 0, 0]","[0.2649020254611969, 0.7778084874153137, 0.8341795802116394, 0.9336700439453125, 0.944776713848114]","[[187.1407241821289, 25.212215423583984, 277.63465118408203, 125.32751655578613], [380.59986877441406, 17.063690185546875, 522.4123077392578, 408.1746711730957], [550.7093811035156, 1.2944984436035156, 640.8328857421875, 296.8223648071289], [214.3824462890625, 290.75598907470703, 471.396240234375, 719.0978164672852], [546.0143737792969, 344.31681060791016, 864.3316955566406, 719.1286468505859]]"
62,"[0, 0, 0, 0, 0]","[0.3242158591747284, 0.8568388819694519, 0.9115086197853088, 0.9366455674171448, 0.9522429704666138]","[[621.8572998046875, 0.03993701934814453, 733.1729736328125, 112.16642761230469], [367.5326385498047, 6.0453643798828125, 500.7447967529297, 398.0420837402344], [527.2158508300781, 1.8064441680908203, 639.5020751953125, 296.57022857666016], [220.17166900634766, 318.88243103027344, 497.19598388671875, 719.4432678222656], [514.8834228515625, 386.27318572998047, 845.2586059570312, 718.6432571411133]]"
63,"[0, 0, 0, 0, 0, 0]","[0.3060206472873688, 0.3663281500339508, 0.7895897030830383, 0.8191378116607666, 0.9391303658485413, 0.9526231288909912]","[[-0.12584209442138672, 191.6612663269043, 76.54004287719727, 464.1265296936035], [621.8546447753906, -0.609839916229248, 735.3987121582031, 119.41912078857422], [351.3558654785156, 6.167295455932617, 494.84197998046875, 395.24544525146484], [547.4696960449219, 2.5206069946289062, 639.466552734375, 296.79699325561523], [241.30526733398438, 349.63786697387695, 503.68487548828125, 719.3537292480469], [467.444091796875, 405.1010055541992, 793.4700622558594, 718.8345565795898]]"
64,"[0, 0, 0, 0, 0, 0, 0]","[0.30398237705230713, 0.6060322523117065, 0.8083001375198364, 0.8094897270202637, 0.8533836007118225, 0.9000036120414734, 0.9499024748802185]","[[622.7220611572266, 0.06161785125732422, 723.6745147705078, 108.21910858154297], [-0.15155410766601562, 192.6837158203125, 74.2613639831543, 455.00337982177734], [318.84217071533203, 3.004915237426758, 454.8005676269531, 376.0232162475586], [403.83851623535156, 0.9383955001831055, 503.7967987060547, 245.1932487487793], [553.1651000976562, 0.44170188903808594, 640.2828369140625, 297.56710052490234], [261.11146545410156, 360.6580810546875, 518.6481170654297, 719.7591247558594], [423.32286071777344, 475.8430709838867, 745.0367889404297, 719.1752700805664]]"
65,"[0, 0, 0, 0, 0, 0, 0]","[0.2971039414405823, 0.6070850491523743, 0.807908296585083, 0.8134118318557739, 0.8521440029144287, 0.8999376893043518, 0.9498450756072998]","[[622.7139587402344, 0.06916666030883789, 723.5136108398438, 108.1186695098877], [-0.14931964874267578, 192.65721130371094, 74.26203918457031, 454.9588851928711], [318.7569122314453, 3.066335678100586, 454.8025360107422, 375.9723358154297], [403.70484924316406, 0.9355030059814453, 503.7301483154297, 245.24218940734863], [553.1820831298828, 0.10617256164550781, 640.2448883056641, 297.7724075317383], [261.1160202026367, 360.66048431396484, 518.637451171875, 719.7563095092773], [423.3285827636719, 475.84550857543945, 745.0424194335938, 719.1753387451172]]"
66,"[0, 0, 0, 0, 0, 0, 0]","[0.2653777003288269, 0.3343884348869324, 0.4871538281440735, 0.8298068642616272, 0.8858593702316284, 0.9183357357978821, 0.9364636540412903]","[[186.8898468017578, 21.77211284637451, 262.7372131347656, 123.3924036026001], [168.8411407470703, 15.639106750488281, 295.5955352783203, 423.01696014404297], [403.2809143066406, 2.5296192169189453, 490.1346130371094, 247.02331352233887], [552.7636413574219, 2.9835777282714844, 640.1544799804688, 295.0875549316406], [307.6908187866211, 0.031894683837890625, 422.7915344238281, 375.4306411743164], [274.3000259399414, 411.3888244628906, 497.88116455078125, 719.3707580566406], [406.2092742919922, 499.9437446594238, 698.2405242919922, 718.9972915649414]]"
67,"[0, 0, 0, 0, 0, 0, 0]","[0.26653772592544556, 0.33223310112953186, 0.3891891539096832, 0.6457703709602356, 0.7718238234519958, 0.8225124478340149, 0.9025421738624573]","[[621.964599609375, 0.00020599365234375, 728.3719482421875, 125.4626054763794], [505.38482666015625, 0.06159853935241699, 557.7395324707031, 39.937336921691895], [418.58697509765625, 560.017261505127, 569.9236450195312, 720.3904266357422], [400.5713653564453, 1.1912527084350586, 476.9850311279297, 246.2842254638672], [307.84622955322266, 1.3627853393554688, 393.35911560058594, 373.8197021484375], [553.9088287353516, 2.5086936950683594, 640.2848052978516, 295.77114486694336], [286.79754638671875, 424.06224060058594, 569.0545349121094, 719.5088424682617]]"
68,"[0, 0, 0, 0, 0]","[0.33684197068214417, 0.5745507478713989, 0.5824323296546936, 0.8310351967811584, 0.9158200621604919]","[[156.7320556640625, 17.091876983642578, 294.0308074951172, 422.5051689147949], [190.75318908691406, 23.34085750579834, 259.927001953125, 124.57405185699463], [408.11146545410156, 1.2301254272460938, 481.95542907714844, 245.7729148864746], [553.3052673339844, -4.109762191772461, 639.8808288574219, 298.1605682373047], [302.3597717285156, 465.13023376464844, 582.7232666015625, 719.2600708007812]]"
69,"[0, 0, 0, 0]","[0.28874659538269043, 0.5515815019607544, 0.8396345376968384, 0.8970980048179626]","[[740.8462371826172, 1.7726783752441406, 842.5616455078125, 353.4965400695801], [408.46875, 0.18159198760986328, 534.47314453125, 246.0944366455078], [554.73193359375, 1.6576480865478516, 638.9486389160156, 295.2531051635742], [360.3752746582031, 516.6770553588867, 571.2691955566406, 719.4900283813477]]"
70,"[0, 0, 0, 0, 0, 0, 0]","[0.2879956066608429, 0.4015054702758789, 0.40534213185310364, 0.6234063506126404, 0.6735396385192871, 0.8239077925682068, 0.9247139692306519]","[[195.5244369506836, 22.467564582824707, 264.6899642944336, 121.27856540679932], [0.25388145446777344, 485.60871505737305, 64.75114631652832, 719.013427734375], [745.9601440429688, 208.83574676513672, 823.4168701171875, 370.37493896484375], [407.3998718261719, 1.031890869140625, 487.7337341308594, 246.98827743530273], [308.04112243652344, 1.3433876037597656, 385.96568298339844, 227.20111083984375], [554.7185668945312, 2.222379684448242, 639.2623901367188, 295.18457794189453], [336.2175064086914, 536.1311645507812, 569.1205444335938, 719.6082000732422]]"
71,"[0, 0, 0, 0, 0, 0, 0]","[0.2842865288257599, 0.39838653802871704, 0.3998536765575409, 0.6334090828895569, 0.6657663583755493, 0.8211930990219116, 0.9244298934936523]","[[195.6074981689453, 22.4155855178833, 264.8174743652344, 121.14770793914795], [745.9503021240234, 208.89177703857422, 823.4498291015625, 370.35255432128906], [0.2522449493408203, 485.56912994384766, 64.70847129821777, 719.0353317260742], [407.40138244628906, 0.9958591461181641, 487.9763946533203, 246.9202651977539], [308.01830291748047, 1.3491640090942383, 384.94093322753906, 227.1668472290039], [554.7365570068359, 2.291971206665039, 639.2084197998047, 294.98455810546875], [336.12615966796875, 536.1294136047363, 569.1920471191406, 719.6123199462891]]"
72,"[0, 0, 0, 0, 0, 0, 0, 0]","[0.31132322549819946, 0.3270449638366699, 0.36454275250434875, 0.5592753887176514, 0.752975344657898, 0.8007270097732544, 0.8104009628295898, 0.8326770663261414]","[[693.3318786621094, -0.3889031410217285, 740.9761962890625, 120.64445686340332], [0.1512436866760254, 390.2314910888672, 38.78199577331543, 494.316650390625], [193.02854919433594, 25.86207389831543, 272.41534423828125, 123.15337371826172], [404.394287109375, 0.9815769195556641, 478.93853759765625, 245.08031272888184], [409.10362243652344, 607.3795623779297, 522.5443267822266, 719.7059783935547], [-0.2512378692626953, 461.8008270263672, 147.52965545654297, 719.0333404541016], [339.33304595947266, 0.8949050903320312, 415.6468963623047, 228.0739402770996], [554.741455078125, 2.9446449279785156, 639.3232727050781, 295.0777015686035]]"
73,"[0, 0, 0, 0, 0]","[0.6613932251930237, 0.7197091579437256, 0.8452832698822021, 0.850997805595398, 0.8926305174827576]","[[430.7029266357422, 634.0118637084961, 549.6150054931641, 719.5133743286133], [0.12318992614746094, 247.71656799316406, 111.40727233886719, 618.6724090576172], [380.95806884765625, 0.15144824981689453, 489.8870544433594, 245.49142456054688], [553.3691711425781, 2.8880996704101562, 639.25048828125, 295.51379013061523], [17.84194564819336, 491.07036209106445, 224.3762969970703, 719.8118591308594]]"
74,"[0, 0, 0, 0, 0]","[0.513809859752655, 0.5189040303230286, 0.8208538293838501, 0.8430414795875549, 0.8565553426742554]","[[737.8236694335938, 4.641946792602539, 878.9344482421875, 398.14762115478516], [70.08987808227539, 498.87106704711914, 291.1263885498047, 719.8320465087891], [-0.07988548278808594, 248.2529754638672, 165.09294891357422, 710.1274795532227], [551.9931335449219, 2.1501102447509766, 639.205078125, 295.1791534423828], [390.0207824707031, 0.39028072357177734, 500.1603698730469, 246.06710815429688]]"
75,"[0, 0, 0, 0, 0, 0, 0, 0, 0]","[0.30670008063316345, 0.3808264136314392, 0.3820868134498596, 0.46635451912879944, 0.7827169895172119, 0.8209543228149414, 0.851669192314148, 0.9192206859588623, 0.9199146628379822]","[[327.2014389038086, -0.03402972221374512, 353.8864059448242, 38.13673782348633], [144.32104110717773, 0.9738650321960449, 200.61419677734375, 118.42166519165039], [749.2021636962891, 52.122161865234375, 850.3224792480469, 402.50119400024414], [345.08692932128906, 0.08321285247802734, 384.0076904296875, 38.907334327697754], [465.86695861816406, 0.5161600112915039, 523.9345550537109, 217.80642700195312], [407.7487335205078, 0.7527866363525391, 482.8369903564453, 246.16742706298828], [553.9346923828125, 2.3518810272216797, 638.8969116210938, 297.4871063232422], [114.005126953125, 522.637035369873, 342.15179443359375, 718.8977279663086], [35.429019927978516, 227.49588775634766, 206.7729034423828, 718.5018081665039]]"
76,"[0, 0, 0, 0, 0, 0, 0]","[0.26442423462867737, 0.5599287748336792, 0.839375913143158, 0.8705267310142517, 0.8820860385894775, 0.8952670693397522, 0.9057286977767944]","[[317.7462387084961, 0.18129587173461914, 374.27442169189453, 36.99980306625366], [730.0887908935547, 1.3238697052001953, 841.7386779785156, 414.24039459228516], [408.78208923339844, 0.20559024810791016, 487.0052032470703, 246.18665313720703], [468.0138244628906, 0.43099021911621094, 550.8385620117188, 222.9177646636963], [546.1513824462891, -1.8439693450927734, 640.9915924072266, 302.2566833496094], [171.0534439086914, 549.3041839599609, 378.2214889526367, 719.0009307861328], [56.82265090942383, 228.8309497833252, 264.3089904785156, 718.5330505371094]]"
77,"[0, 0, 0, 0, 0, 0, 0]","[0.2631772756576538, 0.5629676580429077, 0.8386900424957275, 0.870081901550293, 0.8814854621887207, 0.8952359557151794, 0.9057919383049011]","[[317.6137390136719, 0.18109631538391113, 374.1957092285156, 36.98481273651123], [729.8171997070312, 1.368072509765625, 841.7777709960938, 414.20372772216797], [408.8367919921875, 0.18923091888427734, 486.94757080078125, 246.2057762145996], [468.0504913330078, 0.4349555969238281, 550.6650238037109, 222.98191452026367], [546.1700134277344, -1.7481651306152344, 640.9944763183594, 302.2573356628418], [171.1468963623047, 549.3086814880371, 378.2751159667969, 719.0021667480469], [59.165931701660156, 228.84839057922363, 264.26277923583984, 718.5496673583984]]"
78,"[0, 0, 0, 0, 0, 0]","[0.258577823638916, 0.704474925994873, 0.738004207611084, 0.8246762156486511, 0.8445375561714172, 0.8823127746582031]","[[197.84861755371094, 26.7234148979187, 261.50628662109375, 113.72174835205078], [410.2767791748047, 0.9906063079833984, 486.49452209472656, 245.73756980895996], [474.9035339355469, 0.4524564743041992, 555.1515197753906, 226.51961517333984], [529.6487731933594, 3.7342872619628906, 632.0016174316406, 294.89738845825195], [204.31047821044922, 564.1006393432617, 404.66949462890625, 719.8310165405273], [125.2478256225586, 217.94686317443848, 328.70011138916016, 719.5623321533203]]"
79,"[0, 0, 0, 0, 0, 0, 0]","[0.28577008843421936, 0.30939576029777527, 0.3977597951889038, 0.4633042514324188, 0.7238425612449646, 0.7274969220161438, 0.9354910850524902]","[[308.5293273925781, 9.853405952453613, 357.97412109375, 197.6326446533203], [195.5281219482422, 27.509920120239258, 262.74632263183594, 117.17044258117676], [521.0332946777344, 0.24190092086791992, 581.2219848632812, 100.15351295471191], [0.05811309814453125, 231.8488426208496, 40.77127647399902, 446.8129692077637], [536.4949035644531, 1.5301895141601562, 644.9625549316406, 424.6654930114746], [408.6504364013672, 0.5686712265014648, 490.4557342529297, 246.6456069946289], [158.40977096557617, 205.3923225402832, 377.09271240234375, 720.0737457275391]]"
80,"[0, 0, 0, 0, 0, 0, 0]","[0.4917178750038147, 0.52907794713974, 0.6494935750961304, 0.7467268109321594, 0.8639501333236694, 0.8686211705207825, 0.9105272889137268]","[[0.23900985717773438, 226.10611724853516, 36.30222702026367, 443.34104919433594], [188.83250427246094, 0.7613611221313477, 273.3018493652344, 114.40096950531006], [311.75992584228516, 0.5584917068481445, 375.8602523803711, 184.31453704833984], [687.1483154296875, 12.79002571105957, 791.8890380859375, 437.73836517333984], [552.7773742675781, 20.729244232177734, 656.1419677734375, 431.29155349731445], [409.30755615234375, 0.38645267486572266, 497.8988342285156, 245.86001586914062], [207.17626190185547, 211.02163124084473, 411.6826171875, 707.6722412109375]]"
81,"[0, 0, 0, 0, 0, 0, 0]","[0.25811538100242615, 0.36031001806259155, 0.37627294659614563, 0.5402233004570007, 0.7764902114868164, 0.8987529277801514, 0.9010179042816162]","[[0.2689790725708008, 210.07630920410156, 35.160258293151855, 449.83870697021484], [335.8653030395508, 0.4798622131347656, 426.74945068359375, 192.3064727783203], [172.0609130859375, 0.10283803939819336, 264.3439636230469, 91.07999038696289], [688.7854614257812, 14.334789276123047, 776.4015197753906, 435.31072998046875], [391.22401428222656, 0.22097110748291016, 540.4687042236328, 246.43844604492188], [268.83270263671875, 192.1080493927002, 443.3913116455078, 693.5833053588867], [521.7123413085938, 31.282899856567383, 650.5849914550781, 448.30096435546875]]"
82,"[0, 0, 0, 0]","[0.3121775686740875, 0.6291223764419556, 0.8924292325973511, 0.8990350961685181]","[[0.3096628189086914, 255.40018272399902, 33.749027252197266, 452.66356658935547], [380.1048889160156, 0.6050548553466797, 499.2421875, 246.70704460144043], [295.5098190307617, 191.3683090209961, 509.8740234375, 689.0173873901367], [503.63722229003906, 26.658496856689453, 642.5321502685547, 453.9430961608887]]"
83,"[0, 0, 0, 0]","[0.251446396112442, 0.6306798458099365, 0.8920329213142395, 0.8983703851699829]","[[0.3004946708679199, 255.3456974029541, 33.781494140625, 452.6704330444336], [380.4328079223633, 0.5987033843994141, 499.26841735839844, 246.70515632629395], [295.25772857666016, 191.4312744140625, 509.94415283203125, 689.03173828125], [503.6503601074219, 26.640335083007812, 642.5418090820312, 453.93217849731445]]"
84,"[0, 0, 0]","[0.2970336377620697, 0.8786625862121582, 0.9205873608589172]","[[0.13299894332885742, 430.73341369628906, 24.52895736694336, 660.8233795166016], [479.42051696777344, 23.267807006835938, 630.8437042236328, 463.3912010192871], [329.30296325683594, 182.39845275878906, 529.9028778076172, 662.4757232666016]]"
85,"[0, 0, 0, 0, 0, 0, 0]","[0.2819604277610779, 0.3262004852294922, 0.35235199332237244, 0.3619304299354553, 0.42997193336486816, 0.5430300831794739, 0.936759889125824]","[[181.60352325439453, 28.815495014190674, 271.51700592041016, 125.29333877563477], [554.7901153564453, 1.4220600128173828, 634.3639068603516, 324.0396194458008], [483.56671142578125, 41.69535541534424, 591.5967407226562, 305.6712341308594], [403.58399963378906, 0.30817508697509766, 532.6913909912109, 187.19989013671875], [747.5549468994141, 0.6468286514282227, 831.7738037109375, 132.24825954437256], [0.23047971725463867, 412.6889190673828, 43.86689758300781, 720.5239105224609], [359.5589904785156, 171.70357131958008, 565.7599182128906, 660.65185546875]]"
86,"[0, 0, 0, 0]","[0.4087928533554077, 0.4405325651168823, 0.5042588114738464, 0.9179310202598572]","[[0.45165395736694336, 461.1931457519531, 44.26595878601074, 716.0045471191406], [564.1148529052734, 51.56664848327637, 656.1674652099609, 511.9977035522461], [191.6773910522461, 27.035757064819336, 270.87471771240234, 123.47942733764648], [383.73573303222656, 175.5168571472168, 575.6819000244141, 651.3250122070312]]"
87,"[0, 0, 0, 0, 0, 0, 0, 0, 0]","[0.27537527680397034, 0.2821462154388428, 0.29877403378486633, 0.3727601170539856, 0.523103654384613, 0.5674191117286682, 0.7444109320640564, 0.7537720203399658, 0.9218713045120239]","[[512.4596557617188, 0.23559236526489258, 549.2341003417969, 48.754963874816895], [693.9842376708984, -0.5320000648498535, 751.7650909423828, 130.71399307250977], [720.8543243408203, -1.6438465118408203, 794.7860412597656, 155.98809242248535], [317.6073303222656, 1.5976181030273438, 386.22344970703125, 196.38775634765625], [192.88609313964844, 27.257633686065674, 267.2009582519531, 124.47514915466309], [0.9473190307617188, 378.00528717041016, 109.24232482910156, 718.2368316650391], [431.6192321777344, 47.02284049987793, 559.6429138183594, 246.15879249572754], [559.5821228027344, 32.11571502685547, 650.0928039550781, 506.5667839050293], [392.2606201171875, 163.7534523010254, 590.507080078125, 625.7412872314453]]"
88,"[0, 0, 0, 0, 0, 0, 0, 0]","[0.2600614130496979, 0.2933554947376251, 0.30647262930870056, 0.35500141978263855, 0.3760990500450134, 0.6729981303215027, 0.8013597130775452, 0.9080674052238464]","[[694.6688690185547, -0.023517608642578125, 751.4517059326172, 129.693603515625], [411.0619812011719, 0.2739286422729492, 546.8650817871094, 158.8191146850586], [734.1602325439453, 1.4357843399047852, 819.1122436523438, 131.3181037902832], [310.53353118896484, 2.4988489151000977, 358.9272994995117, 195.43496704101562], [406.3520050048828, 61.50747299194336, 525.0087432861328, 340.54259490966797], [0.3340473175048828, 142.50872611999512, 97.32483673095703, 708.0815505981445], [543.1966552734375, 11.574748992919922, 649.7143249511719, 508.0088081359863], [416.88880920410156, 162.45639610290527, 623.5247955322266, 622.1718978881836]]"
89,"[0, 0, 0, 0, 0, 0, 0, 0]","[0.2653164863586426, 0.29870539903640747, 0.3012215197086334, 0.35988056659698486, 0.3745878338813782, 0.6758177876472473, 0.8039602041244507, 0.9079187512397766]","[[694.6897430419922, -0.04349040985107422, 751.4975738525391, 129.7298755645752], [411.0588684082031, 0.27906131744384766, 546.8146362304688, 159.1900405883789], [734.1367950439453, 1.4414148330688477, 819.3392944335938, 131.3132028579712], [310.50645446777344, 2.440810203552246, 358.86680603027344, 195.48653411865234], [406.40830993652344, 61.446078300476074, 524.3016815185547, 340.6273956298828], [0.33292579650878906, 142.49578285217285, 97.3904800415039, 707.8612747192383], [543.1848449707031, 10.410009384155273, 649.7750244140625, 507.9551467895508], [416.87457275390625, 162.38994598388672, 623.53857421875, 622.166130065918]]"
90,"[0, 0, 0, 0, 0, 0, 0]","[0.25574785470962524, 0.2715780436992645, 0.3783901631832123, 0.5097264051437378, 0.8439986705780029, 0.8822686076164246, 0.9248667359352112]","[[565.4792175292969, 0.7340497970581055, 641.4062805175781, 273.9195785522461], [0.044094085693359375, 187.81227493286133, 57.26481628417969, 274.67193603515625], [193.85906982421875, 27.16521978378296, 275.4143829345703, 124.09855842590332], [500.2272033691406, 79.68007850646973, 615.9916076660156, 263.7403163909912], [375.6631622314453, 56.02490043640137, 499.8328399658203, 517.0255279541016], [0.8144645690917969, 184.38047218322754, 193.19732666015625, 719.056755065918], [460.0265350341797, 159.93589210510254, 639.4362030029297, 614.4084777832031]]"
91,"[0, 0, 0, 0, 0, 0, 0]","[0.30455291271209717, 0.30564406514167786, 0.5040316581726074, 0.645392894744873, 0.8168199062347412, 0.9137691855430603, 0.938194215297699]","[[456.3984832763672, 59.445064544677734, 547.0238800048828, 520.4769859313965], [695.1462707519531, 0.3514251708984375, 752.5262145996094, 110.18663120269775], [755.8740234375, 1.4099750518798828, 844.932861328125, 270.5606803894043], [530.0944061279297, 0.7150468826293945, 640.8607635498047, 240.67831420898438], [359.81748962402344, 55.603248596191406, 481.2637481689453, 517.4112510681152], [482.2528381347656, 146.5443992614746, 655.3961791992188, 596.2932586669922], [0.3949012756347656, 188.58827018737793, 211.3282928466797, 719.6883316040039]]"
92,"[0, 0, 0, 0, 0, 0]","[0.2947791814804077, 0.4230973720550537, 0.7367149591445923, 0.8011687994003296, 0.9040539860725403, 0.9068390130996704]","[[112.76099395751953, 121.32986640930176, 255.39676666259766, 441.10855865478516], [696.2411041259766, 0.054099082946777344, 755.1870574951172, 129.91224002838135], [348.38658142089844, 67.44086265563965, 456.05735778808594, 537.2775192260742], [414.6927795410156, 69.59780502319336, 535.1015625, 542.9339332580566], [497.16746520996094, 141.9067440032959, 661.9366607666016, 596.3398132324219], [21.910606384277344, 182.83527946472168, 237.3200912475586, 719.8415222167969]]"
93,"[0, 0, 0, 0, 0, 0, 0, 0, 0, 0]","[0.2613922655582428, 0.3286731243133545, 0.33596864342689514, 0.34680527448654175, 0.4286823272705078, 0.5470101833343506, 0.7904847860336304, 0.7974820733070374, 0.8854595422744751, 0.9122600555419922]","[[0.13354969024658203, 320.79109954833984, 29.862536430358887, 404.52099609375], [195.84475708007812, 27.51450777053833, 272.62646484375, 124.34988784790039], [695.0153045654297, 0.09119510650634766, 773.1533203125, 131.1841220855713], [761.2538452148438, 2.697195053100586, 848.716552734375, 288.8568649291992], [525.1031341552734, 0.950566291809082, 637.7017364501953, 218.46732330322266], [165.353759765625, 108.92788124084473, 304.9525909423828, 417.67822265625], [0.7261619567871094, 371.6996154785156, 210.09164428710938, 719.0058059692383], [354.5419464111328, 79.68704795837402, 523.4831085205078, 579.1194305419922], [72.24372482299805, 177.04817962646484, 319.9640808105469, 716.6115417480469], [494.2606658935547, 142.7489833831787, 655.5348358154297, 593.023796081543]]"
94,"[0, 0, 0, 0, 0, 0, 0, 0, 0, 0]","[0.34233957529067993, 0.4675341844558716, 0.47559359669685364, 0.5175594687461853, 0.562472939491272, 0.5980541706085205, 0.6631682515144348, 0.8800429105758667, 0.8830703496932983, 0.9359650015830994]","[[758.7472686767578, 1.9982242584228516, 848.7679138183594, 290.4042205810547], [473.98992919921875, -0.043473243713378906, 571.510986328125, 169.2623062133789], [196.34385681152344, 28.030770778656006, 270.43565368652344, 117.83415412902832], [289.96570587158203, 93.16905784606934, 411.45982360839844, 558.3841094970703], [533.0035858154297, 0.6680030822753906, 636.7276153564453, 215.076753616333], [0.23833465576171875, 318.4181213378906, 110.2221908569336, 562.6558685302734], [117.52132415771484, 170.16603469848633, 464.9380187988281, 698.9550018310547], [366.87437438964844, 94.24489402770996, 486.08253479003906, 583.2700653076172], [3.385608673095703, 387.8429260253906, 275.5013122558594, 718.7380828857422], [484.4169158935547, 137.93122100830078, 643.9027862548828, 575.1434097290039]]"
95,"[0, 0, 0, 0, 0, 0, 0, 0, 0, 0]","[0.34376877546310425, 0.46875372529029846, 0.47666919231414795, 0.5222509503364563, 0.5664759874343872, 0.5975631475448608, 0.66357421875, 0.8802329301834106, 0.8843420743942261, 0.9359643459320068]","[[758.681396484375, 2.002206802368164, 848.7581176757812, 290.40991973876953], [474.0124969482422, -0.04664039611816406, 571.4553680419922, 169.2637825012207], [196.3447036743164, 28.02854347229004, 270.43883514404297, 117.82265281677246], [293.32850646972656, 93.34674453735352, 411.8920440673828, 558.7970924377441], [533.1301116943359, 0.6746377944946289, 636.7792510986328, 215.13080978393555], [0.24786758422851562, 318.3963203430176, 110.22974395751953, 562.6828193664551], [117.54182052612305, 170.14878273010254, 464.93687438964844, 698.9616622924805], [366.86698150634766, 94.24837875366211, 486.0586395263672, 583.2655334472656], [3.1350975036621094, 387.8474578857422, 275.523193359375, 718.7347183227539], [484.4079895019531, 137.9406280517578, 643.9019165039062, 575.1415557861328]]"
96,"[0, 0, 0, 0, 0, 0, 0, 0, 0, 0, 0, 0]","[0.2605063021183014, 0.38244664669036865, 0.41692915558815, 0.4447533190250397, 0.5153567790985107, 0.6305026412010193, 0.7593500018119812, 0.7665234208106995, 0.8067882657051086, 0.8880099058151245, 0.8946713805198669, 0.9280596971511841]","[[747.9424896240234, 0.05731344223022461, 843.5753173828125, 131.90870475769043], [373.1212692260742, 0.0328216552734375, 479.237548828125, 178.60775756835938], [694.3114929199219, 0.24654865264892578, 752.3149108886719, 128.86857318878174], [196.62615966796875, 30.838562965393066, 272.2189636230469, 124.00861644744873], [549.0466918945312, -0.07953071594238281, 636.6546936035156, 208.0528163909912], [464.78004455566406, 0.06305980682373047, 543.2213287353516, 179.88594818115234], [154.12660217285156, 164.00218963623047, 349.02772521972656, 533.1867599487305], [55.24222755432129, 316.6793975830078, 192.81431579589844, 557.9966354370117], [279.9028015136719, 86.78399276733398, 480.80369567871094, 647.7977142333984], [104.20814895629883, 389.9388427734375, 339.34629821777344, 718.7891693115234], [0.29787254333496094, 434.27437591552734, 124.39482879638672, 718.9179153442383], [482.1083221435547, 123.5775318145752, 637.7727813720703, 563.1365203857422]]"
97,"[0, 0, 0, 0, 0, 0, 0, 0, 0, 0, 0, 0]","[0.2649299204349518, 0.2657870054244995, 0.36569416522979736, 0.4312836527824402, 0.5134831666946411, 0.5392135977745056, 0.6744174361228943, 0.6940847039222717, 0.8813446164131165, 0.9033307433128357, 0.9110238552093506, 0.9214398264884949]","[[694.2117462158203, 0.16421985626220703, 752.5997772216797, 128.27592945098877], [334.14385986328125, 0.42446279525756836, 416.5994110107422, 124.62387657165527], [552.0997924804688, -0.16545581817626953, 639.5335693359375, 206.8550148010254], [196.5574722290039, 30.175087451934814, 274.33431243896484, 124.36847877502441], [410.8986053466797, 0.521824836730957, 508.96495056152344, 242.53802490234375], [273.7913360595703, 89.96928977966309, 347.4353942871094, 235.85238075256348], [190.38515853881836, 161.59070777893066, 367.6589813232422, 505.7823944091797], [141.9690170288086, 329.4374084472656, 270.3199996948242, 554.8128662109375], [324.62889862060547, 97.59570693969727, 495.8404541015625, 659.6504516601562], [1.0778961181640625, 430.1970405578613, 204.97206115722656, 718.5841369628906], [189.70732498168945, 407.84765625, 427.215087890625, 719.7057723999023], [486.1285400390625, 118.38297271728516, 638.7302856445312, 562.3369903564453]]"
98,"[0, 0, 0, 0, 0, 0, 0, 0, 0, 0, 0]","[0.2693057358264923, 0.37401074171066284, 0.4452052116394043, 0.5187426805496216, 0.6005082130432129, 0.7678747773170471, 0.7741956114768982, 0.8212792277336121, 0.9038922786712646, 0.9089045524597168, 0.9109076857566833]","[[195.59813690185547, 28.503414630889893, 265.4179916381836, 120.24015998840332], [373.8602600097656, -0.09608745574951172, 508.1750793457031, 131.70974922180176], [755.0358581542969, 0.7907924652099609, 848.5719909667969, 304.8035202026367], [320.84532165527344, 97.03520679473877, 395.5854949951172, 241.19329833984375], [192.26829528808594, 330.64432525634766, 351.7606201171875, 588.3351745605469], [212.56008911132812, 86.86075115203857, 310.3525085449219, 291.9332084655762], [219.5299072265625, 160.35637664794922, 421.5356140136719, 458.82950592041016], [251.82476806640625, 427.5956497192383, 485.3484649658203, 719.0863494873047], [365.8951950073242, 93.69609260559082, 526.9698944091797, 607.9029235839844], [496.153564453125, 114.03576850891113, 645.9349365234375, 556.6815032958984], [63.614559173583984, 463.3164939880371, 269.5714874267578, 719.6071014404297]]"
99,"[0, 0, 0, 0, 0, 0, 0, 0, 0, 0, 0]","[0.27109768986701965, 0.31952062249183655, 0.42628970742225647, 0.4488036036491394, 0.4511483609676361, 0.4671177566051483, 0.7284806966781616, 0.837114691734314, 0.8411137461662292, 0.8583475947380066, 0.8996276259422302]","[[196.63819885253906, 29.688654899597168, 273.80694580078125, 123.65229892730713], [338.6772766113281, 0.9853019714355469, 410.67169189453125, 146.13714981079102], [769.5870666503906, 3.7069244384765625, 846.2516784667969, 318.3811798095703], [292.69862365722656, 104.21498680114746, 367.47706604003906, 239.41473197937012], [247.33428955078125, 349.1132011413574, 415.9530029296875, 608.0955276489258], [307.3139190673828, 440.74793243408203, 549.7779693603516, 719.4716262817383], [252.81761169433594, 155.6850414276123, 486.04234313964844, 466.49253845214844], [397.9185791015625, 96.46941947937012, 567.3590698242188, 598.766487121582], [178.42593383789062, 97.63386726379395, 300.23785400390625, 490.9822311401367], [505.64588928222656, 107.01389122009277, 647.9811859130859, 523.3217926025391], [114.69952011108398, 474.4053039550781, 324.30821228027344, 717.5765533447266]]"
100,"[0, 0, 0, 0, 0, 0, 0, 0, 0, 0, 0, 0]","[0.3300715684890747, 0.3786742091178894, 0.3854086101055145, 0.47678306698799133, 0.5145043730735779, 0.5539055466651917, 0.6484134793281555, 0.8224308490753174, 0.8574241995811462, 0.8588301539421082, 0.8914592266082764, 0.9175466299057007]","[[307.7882766723633, 0.950566291809082, 380.28343963623047, 170.85326385498047], [694.0643005371094, 0.15711736679077148, 753.9888610839844, 126.70391464233398], [196.34999084472656, 32.11108875274658, 264.87657165527344, 125.75640392303467], [242.46112060546875, 105.97092819213867, 364.58203125, 529.171703338623], [765.2736053466797, 1.2425880432128906, 847.6065673828125, 326.5882759094238], [366.8128967285156, 479.35828399658203, 606.7002868652344, 718.5756912231445], [295.32371520996094, 366.04454040527344, 482.44569396972656, 652.4801559448242], [295.0290985107422, 154.0740852355957, 519.6134490966797, 495.32790756225586], [422.13890075683594, 84.58001518249512, 577.1905975341797, 529.1402893066406], [149.31671905517578, 106.06300735473633, 276.5939712524414, 536.1090202331543], [528.1134796142578, 107.11439895629883, 647.8322296142578, 525.6453666687012], [162.955810546875, 499.23241424560547, 385.24072265625, 719.1969680786133]]"
101,"[0, 0, 0, 0, 0, 0, 0, 0, 0, 0, 0, 0]","[0.33117467164993286, 0.37869250774383545, 0.3859994113445282, 0.4831346571445465, 0.5184478759765625, 0.5549700856208801, 0.6444106101989746, 0.8217241764068604, 0.8566945195198059, 0.8573204278945923, 0.8917528390884399, 0.9170588850975037]","[[307.79127502441406, 0.9491071701049805, 380.3323974609375, 170.9084014892578], [196.36846160888672, 32.114792346954346, 265.31371307373047, 125.76187133789062], [693.9650115966797, 0.12068653106689453, 753.9254608154297, 126.54076766967773], [242.1204071044922, 106.02704429626465, 364.4403076171875, 529.2800216674805], [765.2298431396484, 1.3103599548339844, 847.7196350097656, 326.5236625671387], [366.7964859008789, 479.3590393066406, 606.6918640136719, 718.5653228759766], [295.3391418457031, 366.0255889892578, 482.4298095703125, 652.4828338623047], [295.0523986816406, 154.06963920593262, 519.8241577148438, 495.28392791748047], [149.32205200195312, 106.03370475769043, 276.61949157714844, 536.0177993774414], [422.13954162597656, 84.61460494995117, 577.2082672119141, 529.1581077575684], [528.1180572509766, 107.11494827270508, 647.8371734619141, 525.6546363830566], [162.90826034545898, 499.226131439209, 385.20350646972656, 719.1952514648438]]"
102,"[0, 0, 0, 0, 0, 0, 0, 0, 0, 0]","[0.3053414225578308, 0.355106920003891, 0.44210922718048096, 0.5107417106628418, 0.5885367393493652, 0.7897403240203857, 0.8077970743179321, 0.8726472854614258, 0.9247439503669739, 0.9284678101539612]","[[196.4183349609375, 29.960944175720215, 267.1701965332031, 122.92641162872314], [694.1627655029297, 0.2393345832824707, 754.2472686767578, 128.17738723754883], [342.3289260864258, 382.0704689025879, 529.2800903320312, 664.2379302978516], [756.6440277099609, 0.9178218841552734, 847.9074096679688, 327.3245315551758], [319.36283111572266, 153.68643951416016, 525.1119689941406, 491.45381927490234], [547.8646545410156, 102.79045486450195, 645.293701171875, 474.9418830871582], [119.19559478759766, 103.09874153137207, 257.78844451904297, 614.5001449584961], [432.90765380859375, 79.12650489807129, 604.9653625488281, 529.6484069824219], [193.08538055419922, 514.370922088623, 427.004150390625, 719.3389663696289], [242.46723175048828, 105.28371620178223, 362.65514373779297, 532.5056076049805]]"
103,"[0, 0, 0, 0, 0, 0, 0, 0]","[0.3107585608959198, 0.3470214903354645, 0.7989555597305298, 0.8575568795204163, 0.8626247644424438, 0.8769453763961792, 0.9224971532821655, 0.9382124543190002]","[[330.0300979614258, 0.16932892799377441, 374.7806625366211, 61.594788551330566], [752.9587554931641, 1.7686958312988281, 847.0615539550781, 347.03043365478516], [562.4457550048828, 92.1426944732666, 648.3977508544922, 503.22052001953125], [358.3037109375, 413.64788818359375, 669.6814270019531, 718.4552536010742], [220.75209045410156, 563.2044639587402, 426.17893981933594, 719.8364410400391], [447.443115234375, 81.02552604675293, 596.8041687011719, 532.4840469360352], [215.8004608154297, 114.73408699035645, 354.3039093017578, 597.9304962158203], [78.72552680969238, 118.56833267211914, 233.70275115966797, 633.8508453369141]]"
104,"[0, 0, 0, 0, 0, 0, 0, 0, 0, 0, 0, 0]","[0.28399205207824707, 0.3000229001045227, 0.3025117814540863, 0.34061819314956665, 0.3445189297199249, 0.4286331236362457, 0.6373963356018066, 0.7848745584487915, 0.867135763168335, 0.8945897817611694, 0.9034366607666016, 0.9317795038223267]","[[469.7952575683594, 0.2755744457244873, 512.57666015625, 55.167906761169434], [557.5081329345703, 1.6351990699768066, 610.2757415771484, 101.99374008178711], [517.5014190673828, 558.0138359069824, 702.6468658447266, 719.7725143432617], [316.14125061035156, 0.20296812057495117, 389.2397003173828, 53.218472957611084], [591.2341918945312, 99.22321128845215, 647.4764099121094, 425.7171936035156], [0.4141817092895508, 487.2388458251953, 64.55771255493164, 719.1815185546875], [201.06944274902344, 590.5163726806641, 369.0282440185547, 719.8325958251953], [365.22827911376953, 426.08005142211914, 699.5230407714844, 719.3884735107422], [60.571128845214844, 129.28259468078613, 217.29476165771484, 665.2973556518555], [460.10252380371094, 67.67912864685059, 621.2818450927734, 505.54563903808594], [190.594482421875, 121.53592872619629, 337.48736572265625, 617.8671112060547], [363.2662124633789, 139.5907917022705, 554.6835021972656, 568.3285903930664]]"
105,"[0, 0, 0, 0, 0, 0, 0, 0, 0]","[0.25765809416770935, 0.4949987232685089, 0.5265076756477356, 0.6939139366149902, 0.850421667098999, 0.9023776650428772, 0.9237836599349976, 0.9249769449234009, 0.925414502620697]","[[191.57108688354492, 27.996936321258545, 274.8765563964844, 124.30668067932129], [739.4113311767578, 1.7841453552246094, 846.1111450195312, 351.4170341491699], [1.318593978881836, 327.6149139404297, 129.15870666503906, 728.0243453979492], [194.73516082763672, 614.2519226074219, 366.1219711303711, 719.6651916503906], [486.87327575683594, 63.54993438720703, 639.3484954833984, 514.3956756591797], [179.05130767822266, 128.76033210754395, 323.29405975341797, 622.5611572265625], [394.4615936279297, 470.27286529541016, 696.7501373291016, 719.2464065551758], [370.72279357910156, 137.17996215820312, 575.8601531982422, 627.0047149658203], [27.91706085205078, 119.45425987243652, 194.29680633544922, 636.1552963256836]]"
106,"[0, 0, 0, 0, 0, 0, 0, 0]","[0.43050819635391235, 0.6438876390457153, 0.7121465802192688, 0.83058762550354, 0.8805619478225708, 0.8887223601341248, 0.9137981534004211, 0.9341034889221191]","[[733.6248321533203, 5.229663848876953, 844.0691528320312, 355.88730239868164], [197.26746368408203, 661.428108215332, 331.6172103881836, 720.0383834838867], [506.892333984375, 70.14006614685059, 632.49169921875, 504.5277557373047], [365.277099609375, 129.0754680633545, 589.9598693847656, 592.2842102050781], [3.8576202392578125, 131.8231143951416, 175.68802642822266, 464.4140625], [182.0955047607422, 152.60989952087402, 326.2679443359375, 662.6687393188477], [390.04376220703125, 487.24780654907227, 718.9516296386719, 719.5993423461914], [0.25543212890625, 315.6291046142578, 239.26746368408203, 719.3680114746094]]"
107,"[0, 0, 0, 0, 0, 0, 0, 0]","[0.4313458502292633, 0.6416409611701965, 0.7141631841659546, 0.8305204510688782, 0.8803701400756836, 0.8890142440795898, 0.9140939116477966, 0.9344585537910461]","[[733.6207580566406, 5.193202972412109, 844.0751037597656, 355.8798179626465], [197.27728271484375, 661.4249496459961, 331.6150360107422, 720.0371475219727], [506.91156005859375, 70.13846969604492, 632.5215454101562, 504.50928497314453], [365.2929382324219, 129.0618381500244, 589.9451293945312, 592.2675933837891], [3.8457584381103516, 131.81683158874512, 175.68800354003906, 464.82433319091797], [182.09809112548828, 152.59850120544434, 326.27185821533203, 662.6750564575195], [390.0242614746094, 487.24636459350586, 718.9432067871094, 719.6014709472656], [0.2615776062011719, 315.61427307128906, 239.29522705078125, 719.3780364990234]]"
108,"[0, 0, 0, 0, 0, 0, 0, 0]","[0.28981032967567444, 0.3122638165950775, 0.7276855707168579, 0.7383773922920227, 0.8149173855781555, 0.9089352488517761, 0.91946941614151, 0.9500433802604675]","[[0.20090675354003906, 526.8635101318359, 22.013371467590332, 633.0161590576172], [686.6162567138672, 22.48494529724121, 825.052001953125, 477.6896667480469], [-0.28165626525878906, 145.96559143066406, 158.246337890625, 493.88646697998047], [188.4100799560547, 145.64125442504883, 329.64857482910156, 472.0546073913574], [509.0797119140625, 48.39613151550293, 630.2266845703125, 525.7187347412109], [413.1065368652344, 539.4372596740723, 693.9407958984375, 719.2928237915039], [380.36180877685547, 129.63436317443848, 592.3546142578125, 582.5752487182617], [0.656341552734375, 311.5895690917969, 409.2909851074219, 719.5720825195312]]"
109,"[0, 0, 0, 0, 0, 0, 0, 0, 0, 0]","[0.26586586236953735, 0.2879093289375305, 0.3023320138454437, 0.3649618327617645, 0.6994305849075317, 0.8071563243865967, 0.8165977001190186, 0.8872792720794678, 0.9377105832099915, 0.9408669471740723]","[[687.5989379882812, 5.485353469848633, 841.85888671875, 471.36785888671875], [355.39881134033203, 0.4354534149169922, 424.63023376464844, 65.24037408828735], [564.3226318359375, 0.510364294052124, 610.7205505371094, 51.5791711807251], [695.2365417480469, 2.1838760375976562, 804.9962768554688, 130.58878326416016], [420.69456481933594, 559.4582290649414, 632.9823760986328, 719.6689682006836], [188.63987731933594, 144.90765953063965, 332.3063049316406, 481.47383880615234], [34.10261535644531, 353.42708587646484, 406.7750701904297, 719.3090286254883], [524.0497741699219, 47.15982627868652, 646.8285827636719, 510.6741943359375], [-0.03417205810546875, 141.29823875427246, 155.86177825927734, 601.6609725952148], [388.8914794921875, 122.50363540649414, 589.3141479492188, 581.2377319335938]]"
110,"[0, 0, 0, 0, 0, 0, 0, 0, 0, 0, 0]","[0.25197431445121765, 0.36151522397994995, 0.3864438533782959, 0.4334763288497925, 0.451434850692749, 0.6893318891525269, 0.7880815863609314, 0.8011905550956726, 0.8602327704429626, 0.9151935577392578, 0.9413062930107117]","[[558.3746337890625, 0.6415200233459473, 612.517822265625, 113.53506660461426], [444.4771728515625, 621.0827407836914, 587.1493835449219, 719.7859725952148], [761.5208129882812, 74.72816276550293, 850.6387939453125, 458.5096664428711], [339.2794189453125, 0.2440509796142578, 503.0959167480469, 191.28321647644043], [187.16330337524414, 28.77229642868042, 271.3158874511719, 125.40673828125], [0.3932018280029297, 556.3199157714844, 36.31412315368652, 719.0621795654297], [60.410728454589844, 365.3778076171875, 434.23663330078125, 719.3772811889648], [180.70394897460938, 171.71110725402832, 344.01947021484375, 501.3167953491211], [557.4193725585938, 53.24566841125488, 649.3448181152344, 501.3497543334961], [-0.010408401489257812, 150.51568222045898, 149.9494400024414, 707.1807403564453], [403.6890106201172, 108.22109985351562, 598.8952789306641, 580.7484283447266]]"
111,"[0, 0, 0, 0, 0, 0, 0, 0, 0, 0]","[0.3010536730289459, 0.4879535436630249, 0.5156455636024475, 0.5712206959724426, 0.5816388726234436, 0.6589828729629517, 0.8651124835014343, 0.8806511759757996, 0.9085963368415833, 0.9357917904853821]","[[546.6177062988281, -0.2516641616821289, 622.5119018554688, 213.02830123901367], [186.6917495727539, 28.876035690307617, 273.49642181396484, 125.7425422668457], [0.3457202911376953, 586.9929885864258, 33.82061576843262, 718.4227066040039], [763.7872924804688, 192.1479263305664, 847.5933837890625, 453.31993103027344], [573.5647888183594, 67.9973201751709, 658.4094543457031, 498.0971145629883], [174.1442642211914, 170.1474266052246, 336.09867095947266, 524.9546699523926], [60.29912567138672, 381.67472076416016, 395.51422119140625, 718.6912536621094], [879.556640625, 333.23091888427734, 959.4656982421875, 719.2440719604492], [0.15445518493652344, 173.54815864562988, 136.26248931884766, 715.0039672851562], [426.6826171875, 111.20040321350098, 616.0326232910156, 579.6084594726562]]"
112,"[0, 0, 0, 0, 0, 0, 0, 0, 0, 0, 0]","[0.33989980816841125, 0.3418496549129486, 0.38803061842918396, 0.435734361410141, 0.5410513877868652, 0.6502397656440735, 0.8481535911560059, 0.9128252863883972, 0.9368551969528198, 0.939363956451416, 0.9444695115089417]","[[396.7518310546875, 0.2677145004272461, 617.20166015625, 228.46086502075195], [377.0416946411133, -0.1627178192138672, 429.91607666015625, 203.6015338897705], [559.4526214599609, 0.517704963684082, 635.6678924560547, 201.09574127197266], [0.1260395050048828, 613.2426910400391, 34.06141662597656, 718.8523406982422], [622.4140319824219, 257.92918395996094, 744.0736083984375, 502.5446548461914], [188.56335067749023, 25.098811626434326, 274.03575897216797, 125.83656120300293], [175.70300674438477, 174.32684898376465, 335.8135528564453, 586.7913208007812], [0.1863555908203125, 167.58666801452637, 115.49393463134766, 718.1200332641602], [55.265167236328125, 434.8575439453125, 389.3363800048828, 720.0269165039062], [451.25042724609375, 101.22200202941895, 639.4549255371094, 551.3194198608398], [789.2539672851562, 311.2379379272461, 959.7764282226562, 718.5883255004883]]"
113,"[0, 0, 0, 0, 0, 0, 0, 0, 0, 0, 0]","[0.3499808609485626, 0.37209439277648926, 0.381794810295105, 0.4337347447872162, 0.5354844927787781, 0.6398488879203796, 0.8490418791770935, 0.9127943515777588, 0.9370052218437195, 0.9393017888069153, 0.9445143938064575]","[[377.0697784423828, -0.1943807601928711, 429.9019317626953, 203.4679298400879], [559.6084899902344, 0.49945735931396484, 635.6069641113281, 201.13608169555664], [397.3886260986328, 0.2985191345214844, 617.5188446044922, 228.58863258361816], [0.12435722351074219, 613.2411117553711, 34.05604934692383, 718.852409362793], [622.4642028808594, 258.1618881225586, 744.0615234375, 502.54335021972656], [188.23762893676758, 25.117677211761475, 273.7861633300781, 125.78360366821289], [175.7116928100586, 174.33534622192383, 335.7066879272461, 586.7964019775391], [0.1869335174560547, 167.588041305542, 115.48970031738281, 718.1415939331055], [55.350860595703125, 434.9461898803711, 389.31724548339844, 720.0308303833008], [451.2454833984375, 101.24366569519043, 639.451904296875, 551.3212738037109], [789.2476501464844, 311.2477569580078, 959.7774353027344, 718.58056640625]]"
114,"[0, 0, 0, 0, 0, 0, 0, 0, 0, 0]","[0.33362385630607605, 0.346853107213974, 0.41742992401123047, 0.6576589941978455, 0.8273888826370239, 0.8856642246246338, 0.8910136818885803, 0.9251478910446167, 0.940213143825531, 0.9423031210899353]","[[649.049560546875, 206.10229682922363, 827.8623962402344, 494.88848876953125], [555.5195617675781, -0.2263355255126953, 639.2419738769531, 175.84768295288086], [408.804931640625, 1.3586397171020508, 476.6539306640625, 244.66137313842773], [183.1819610595703, 26.727019786834717, 271.0011291503906, 125.45521545410156], [333.67840576171875, 0.35886669158935547, 411.43968200683594, 196.92605209350586], [183.97366333007812, 175.70223426818848, 345.02783203125, 623.8438110351562], [719.2468872070312, 309.8316879272461, 947.2659301757812, 716.35693359375], [0.2589397430419922, 174.0992431640625, 101.9417724609375, 718.8035888671875], [477.2475128173828, 94.3626880645752, 645.7290802001953, 549.1862869262695], [36.87151336669922, 450.19068145751953, 374.1305923461914, 719.1869430541992]]"
115,"[0, 0, 0, 0, 0, 0, 0, 0, 0, 0]","[0.3466350734233856, 0.5255120992660522, 0.6270548701286316, 0.6312002539634705, 0.6784884333610535, 0.8510246276855469, 0.8832747340202332, 0.8855046033859253, 0.904536783695221, 0.9274486303329468]","[[557.0944976806641, 3.9905948638916016, 640.5357513427734, 164.69925498962402], [412.9488830566406, 0.4186391830444336, 502.13214111328125, 245.7103614807129], [807.1879577636719, 346.5991859436035, 956.7450256347656, 712.3406066894531], [184.15642547607422, 28.226928234100342, 270.6843795776367, 124.9834041595459], [308.8366470336914, 0.33060264587402344, 374.45592498779297, 187.69132232666016], [652.740234375, 306.69488525390625, 855.5114135742188, 718.1424179077148], [0.1900634765625, 200.28889846801758, 92.53581619262695, 716.1219635009766], [514.3410186767578, 92.7429428100586, 649.3722381591797, 541.9784317016602], [186.73846435546875, 179.94374656677246, 359.00267028808594, 718.5758972167969], [5.916618347167969, 486.1006965637207, 326.8088836669922, 719.1133346557617]]"
116,"[0, 0, 0, 0, 0, 0, 0, 0, 0, 0]","[0.32137611508369446, 0.34965553879737854, 0.35992175340652466, 0.390451043844223, 0.4897439479827881, 0.7230038642883301, 0.7586296796798706, 0.8307709693908691, 0.875965416431427, 0.8826767206192017]","[[559.0992279052734, 0.6169638633728027, 615.4880218505859, 102.80942344665527], [767.0669860839844, 47.98682641983032, 843.5375061035156, 130.47262001037598], [414.73187255859375, 0.049635887145996094, 478.730712890625, 245.99713897705078], [517.1106262207031, 33.71407985687256, 629.4201965332031, 295.0491371154785], [182.07030487060547, 27.730835437774658, 266.7301712036133, 125.87734794616699], [561.1869506835938, 73.94087219238281, 648.63134765625, 514.4769744873047], [589.1591949462891, 286.66238021850586, 835.5398254394531, 717.9429473876953], [-0.021712303161621094, 211.56100845336914, 84.24213409423828, 556.4708061218262], [162.09933471679688, 209.30613327026367, 360.17628479003906, 720.2885284423828], [0.7906951904296875, 544.2484130859375, 202.73451232910156, 719.2937164306641]]"
117,"[0, 0, 0, 0, 0, 0, 0]","[0.39190658926963806, 0.46309417486190796, 0.6767929792404175, 0.7998166084289551, 0.8514348864555359, 0.8878099918365479, 0.9129490852355957]","[[688.4187469482422, 301.1612434387207, 801.7964172363281, 719.4909210205078], [776.8807983398438, 91.3934440612793, 873.6110229492188, 477.05726623535156], [182.2759552001953, 27.019801139831543, 267.90138244628906, 125.47105121612549], [0.31523609161376953, 248.50844192504883, 71.47351455688477, 719.9917602539062], [553.8370513916016, 281.75047874450684, 752.0275726318359, 717.1743850708008], [127.29082489013672, 212.21325302124023, 319.2605209350586, 720.263671875], [503.61012268066406, 29.513534545898438, 641.6697235107422, 453.1357727050781]]"
118,"[0, 0, 0, 0, 0, 0]","[0.32684630155563354, 0.4498370587825775, 0.6203943490982056, 0.8298024535179138, 0.8773208260536194, 0.8981370329856873]","[[701.3832092285156, 272.6777114868164, 794.7822875976562, 501.7248001098633], [0.44501209259033203, 344.3650131225586, 52.071739196777344, 718.2178115844727], [183.2106170654297, 27.093533992767334, 262.1181335449219, 124.95870208740234], [494.3921356201172, 284.87720489501953, 735.0045318603516, 719.2875366210938], [488.9555969238281, 45.06938552856445, 637.1773681640625, 464.0862922668457], [101.31951141357422, 229.55410766601562, 281.0318298339844, 717.5813598632812]]"
119,"[0, 0, 0, 0, 0, 0]","[0.3253689706325531, 0.4486110508441925, 0.6231307983398438, 0.8297051787376404, 0.8777356743812561, 0.8969817161560059]","[[701.3841705322266, 272.77897453308105, 794.7871398925781, 501.74244689941406], [0.44443416595458984, 344.37648010253906, 52.06394577026367, 718.2177429199219], [183.1988525390625, 27.087783336639404, 262.1472930908203, 124.95799827575684], [494.36114501953125, 284.8693599700928, 735.1945495605469, 719.2873992919922], [488.9519348144531, 45.076406478881836, 637.1715087890625, 464.0928497314453], [101.34466552734375, 229.4385108947754, 281.03961181640625, 717.5747680664062]]"
120,"[0, 0, 0, 0]","[0.3629024922847748, 0.5819501280784607, 0.8781520128250122, 0.9098663926124573]","[[675.8432922363281, 8.01229476928711, 845.2657470703125, 500.0855026245117], [466.0423278808594, 47.90195274353027, 619.4639282226562, 316.5797653198242], [435.257080078125, 264.35505294799805, 651.1488647460938, 721.8106842041016], [68.13848876953125, 252.66705894470215, 254.23418426513672, 719.4860458374023]]"
121,"[0, 0, 0, 0, 0]","[0.33489030599594116, 0.4026695489883423, 0.8439964056015015, 0.8766142129898071, 0.9055410623550415]","[[693.9972839355469, 0.3213071823120117, 794.8591918945312, 131.48016929626465], [731.4220275878906, 75.55126190185547, 875.6778259277344, 498.75828552246094], [453.0727844238281, 52.78942680358887, 607.2389831542969, 340.79026794433594], [395.68601989746094, 258.19688987731934, 663.0067291259766, 722.4004440307617], [61.293514251708984, 250.03621101379395, 229.7732391357422, 717.6418533325195]]"
122,"[0, 0, 0, 0, 0, 0]","[0.2767512798309326, 0.2777966558933258, 0.29708507657051086, 0.8501371741294861, 0.8719911575317383, 0.9217432141304016]","[[693.6226501464844, 0.7495293617248535, 786.1009826660156, 126.78420066833496], [778.8956909179688, 176.63509368896484, 871.1705932617188, 472.91212463378906], [190.89867782592773, 26.378693103790283, 270.23638916015625, 123.93687057495117], [346.8354263305664, 271.25184059143066, 527.1697082519531, 725.0475311279297], [445.919677734375, 73.97429466247559, 602.2845153808594, 452.4123229980469], [31.58544158935547, 267.46679306030273, 209.6349105834961, 719.6139678955078]]"
123,"[0, 0, 0, 0, 0, 0]","[0.2671268880367279, 0.3186502456665039, 0.6127974987030029, 0.8787229657173157, 0.9164841175079346, 0.9341724514961243]","[[407.3312530517578, 280.2813148498535, 512.5670013427734, 722.9723510742188], [845.68505859375, 495.7024726867676, 959.284423828125, 717.8177032470703], [190.92720794677734, 27.234785556793213, 270.7104721069336, 123.63987922668457], [280.927001953125, 259.92346000671387, 465.3294982910156, 722.7637481689453], [450.4994201660156, 72.52935218811035, 604.9853210449219, 520.402587890625], [0.2054443359375, 294.6778335571289, 178.95904541015625, 719.3888168334961]]"
